timestamp_ms,temp,hum,ldr
5026,26.20,71.00,3728
10025,27.10,61.00,3707
15025,27.10,60.00,3663
20025,27.10,60.00,3712
5026,27.10,60.00,3671
10026,27.10,59.00,3677
15025,27.10,58.00,3051
20025,27.10,58.00,3037
25025,27.10,57.00,3042
30025,27.10,57.00,3039
35025,27.10,56.00,3055
40025,27.10,56.00,3045
45025,27.10,55.00,3027
50025,27.10,55.00,3025
55025,27.10,55.00,3026
60025,27.10,55.00,3024
65025,27.10,54.00,3014
70025,27.10,54.00,3014
75025,27.10,54.00,3023
80025,27.10,54.00,3019
85025,27.10,54.00,3025
90025,27.10,54.00,3024
95025,27.10,54.00,3026
100025,27.10,54.00,3025
105026,26.70,54.00,3039
110026,26.70,54.00,3042
115026,26.70,54.00,3026
120026,26.70,54.00,3021
125025,26.70,53.00,3029
130025,26.70,53.00,3040
135025,26.70,53.00,3045
140025,26.70,53.00,3055
145025,26.70,53.00,3051
150025,26.70,53.00,3051
155025,26.70,53.00,3059
160026,26.70,54.00,3056
165026,26.70,54.00,3058
170026,26.70,54.00,3033
175025,26.70,53.00,3040
180025,26.70,53.00,3045
185025,26.70,53.00,3033
190025,26.70,53.00,3041
195025,26.70,53.00,3043
200026,26.70,53.00,3038
205025,26.70,53.00,3046
210025,26.70,53.00,3041
215026,26.70,53.00,3043
220025,26.70,53.00,3038
225025,26.70,53.00,3025
230025,26.70,53.00,3045
235025,26.70,53.00,3034
240025,26.70,53.00,3031
245025,26.70,53.00,3039
250025,26.70,53.00,3027
255025,26.70,53.00,3029
260025,26.70,53.00,3019
265025,26.70,53.00,3527
270025,26.70,53.00,3418
275026,26.70,54.00,3052
280026,26.70,54.00,3024
285026,26.70,54.00,3024
290026,26.70,54.00,3025
295026,26.70,54.00,3025
300026,26.70,54.00,3026
305026,26.70,54.00,3025
310025,26.70,53.00,3030
315025,26.70,53.00,3039
320025,26.70,53.00,3026
325025,26.70,53.00,3035
330025,26.70,53.00,3034
335025,26.70,53.00,3028
340025,26.70,53.00,3040
345025,26.70,53.00,3035
350025,26.70,53.00,3042
355025,26.70,53.00,3031
360025,26.70,53.00,3035
365025,26.70,53.00,3067
370025,26.70,53.00,3061
375025,26.70,53.00,3056
380025,26.70,53.00,3047
385025,26.70,53.00,3049
390025,26.70,53.00,3052
395025,26.70,53.00,3057
400025,26.70,53.00,3058
405025,26.70,53.00,3067
410025,26.70,53.00,3071
415025,26.70,53.00,3069
420025,26.70,53.00,3082
425025,26.70,53.00,3060
430025,26.70,53.00,3063
435025,26.70,53.00,3061
440025,26.70,53.00,3087
445025,26.70,53.00,3065
450025,26.70,53.00,3062
455025,26.70,53.00,3085
460025,26.70,53.00,3084
465025,26.70,53.00,3061
470025,26.70,53.00,3042
475025,26.70,53.00,3042
480025,26.70,53.00,3049
485025,26.70,53.00,3056
490025,26.70,53.00,3042
495025,26.70,53.00,3058
500025,26.70,53.00,3054
505025,26.70,53.00,3067
510025,26.70,53.00,3061
515025,26.70,53.00,3062
520025,26.70,53.00,3060
525025,26.70,53.00,3050
530025,26.70,53.00,3061
535025,26.70,53.00,3057
540025,26.70,53.00,3049
545025,26.70,53.00,3066
550025,26.70,53.00,3065
555025,26.70,53.00,3059
560025,26.70,53.00,3057
565025,26.70,53.00,3054
570025,26.70,53.00,3062
575025,26.70,53.00,3792
580025,26.70,53.00,4095
585025,26.70,55.00,4095
590026,26.70,59.00,4095
595025,26.70,64.00,4095
600025,27.10,69.00,4095
605025,27.10,73.00,4095
610025,27.60,76.00,3121
615025,27.60,74.00,3115
620025,27.60,72.00,3152
625025,27.60,69.00,3133
630025,27.60,67.00,3125
635025,27.60,64.00,3117
640026,27.60,62.00,3137
645026,27.60,60.00,3141
650026,27.60,59.00,3126
655026,27.60,58.00,3130
660025,27.20,57.00,3133
665025,27.10,56.00,3130
670025,27.10,56.00,3137
675025,27.10,55.00,3135
680025,27.10,55.00,3125
685025,27.10,54.00,3120
690025,27.10,54.00,3115
695025,27.10,54.00,3117
700025,27.10,54.00,3101
705025,27.10,54.00,3108
710025,27.10,54.00,3117
715025,27.10,54.00,3117
720025,27.10,53.00,3109
725025,27.10,53.00,3122
730025,27.10,53.00,3124
735025,27.10,53.00,3110
740025,27.10,53.00,3103
745025,27.10,53.00,3102
750025,27.10,53.00,3115
755025,27.10,53.00,3113
760025,27.10,53.00,3136
765025,27.10,53.00,3132
770025,27.00,53.00,3216
775025,26.70,53.00,3237
780025,26.70,53.00,3152
785025,26.70,53.00,3136
790025,26.70,53.00,3141
795025,26.70,53.00,3146
800025,26.70,53.00,3143
805025,26.70,53.00,3142
810025,26.70,53.00,3135
815025,26.70,53.00,3130
820025,26.70,53.00,3121
825025,26.70,53.00,3131
830025,26.70,53.00,3129
835025,26.70,53.00,3136
840025,26.70,53.00,3140
845025,26.70,53.00,3139
850025,26.70,53.00,3136
855025,26.70,53.00,3131
860025,26.70,53.00,3138
865025,26.70,53.00,3134
870025,26.70,53.00,3127
875025,26.70,53.00,3123
880025,26.70,53.00,3139
885025,26.70,53.00,3128
890025,26.70,53.00,3127
895025,26.70,53.00,3127
900025,26.70,53.00,3126
905025,26.70,53.00,3142
910025,26.70,53.00,3134
915025,26.70,53.00,3139
920025,26.70,53.00,3142
925025,26.70,53.00,3120
930025,26.70,53.00,3143
935025,26.70,53.00,3136
940025,26.70,53.00,3138
945025,26.70,53.00,3143
950025,26.70,53.00,3151
955025,26.70,53.00,3153
960025,26.70,53.00,3150
965025,26.70,53.00,3140
970025,26.70,53.00,3137
975025,26.70,53.00,3139
980025,26.70,53.00,3149
985025,26.70,53.00,3143
990025,26.70,53.00,3138
995025,26.70,53.00,3145
1000025,26.70,53.00,3166
1005025,26.70,53.00,3159
1010025,26.70,53.00,3165
1015025,26.70,53.00,3158
1020025,26.70,53.00,3162
1025025,26.70,53.00,3159
1030025,26.70,53.00,3163
1035025,26.70,53.00,3167
1040025,26.70,53.00,3170
1045025,26.70,53.00,3152
1050025,26.70,53.00,3151
1055025,26.70,53.00,3157
1060025,26.70,53.00,3163
1065025,26.70,53.00,3156
1070025,26.70,53.00,3141
1075025,26.70,53.00,3151
1080025,26.70,53.00,3136
1085025,26.70,53.00,3141
1090025,26.70,53.00,3152
1095025,26.70,53.00,3136
1100025,26.70,53.00,3136
1105025,26.70,53.00,3141
1110025,26.70,53.00,3136
1115025,26.70,53.00,3147
1120025,26.70,53.00,3152
1125025,26.70,53.00,3155
1130025,26.70,53.00,3152
1135025,26.70,53.00,3159
1140025,26.70,53.00,3155
1145025,26.70,53.00,3156
1150025,26.70,53.00,3155
1155025,26.70,53.00,3160
1160025,26.70,53.00,3152
1165025,26.70,53.00,3155
1170025,26.70,53.00,3157
1175025,26.70,53.00,3153
1180025,26.70,53.00,3152
1185025,26.70,53.00,3152
1190025,26.70,53.00,3150
1195025,26.70,53.00,3150
1200025,26.70,53.00,3151
1205025,26.70,53.00,3153
1210025,26.70,53.00,3152
1215025,26.70,53.00,3892
1220025,26.70,53.00,3947
1225026,26.70,54.00,3627
1230026,26.70,54.00,3664
1235025,26.70,55.00,3942
1240026,26.70,58.00,1946
1245025,27.10,60.00,2342
1250025,27.10,62.00,2512
1255026,27.10,63.00,2993
1260026,27.60,62.00,2715
1265026,27.60,61.00,2874
1270026,27.60,59.00,2881
1275026,27.60,58.00,2887
1280025,27.60,57.00,2891
1285025,27.60,56.00,2500
1290025,27.60,55.00,2853
1295025,27.20,56.00,2495
1300025,27.60,56.00,2690
1305025,27.60,56.00,3055
1310025,27.60,56.00,3141
1315025,27.60,56.00,2785
1320025,27.60,56.00,3487
1325025,27.60,56.00,3113
1330025,27.60,57.00,2404
1335025,27.60,57.00,3602
1340025,27.60,56.00,2463
1345025,27.60,56.00,3091
1350025,27.60,56.00,4095
1355025,27.60,56.00,2912
1360025,27.60,55.00,3793
1365026,27.60,54.00,3529
1370026,27.60,54.00,3536
1375025,27.60,53.00,3531
1380025,27.60,53.00,3541
1385025,27.60,53.00,3495
1390025,27.40,52.00,3728
1395025,27.10,52.00,3731
1400025,27.10,52.00,3745
1405025,27.10,52.00,3751
1410025,27.10,52.00,3785
1415025,27.10,52.00,3755
1420025,27.10,52.00,3760
1425025,26.70,52.00,3757
1430025,26.70,52.00,3751
1435025,26.70,52.00,3758
1440025,26.70,52.00,3756
1445025,26.70,52.00,3760
1450025,26.70,52.00,3755
1455025,26.70,52.00,3751
1460025,26.70,52.00,3757
1465025,26.30,52.00,3772
1470025,26.20,52.00,3752
1475025,26.20,52.00,3757
1480025,26.20,52.00,3760
1485025,26.20,52.00,3750
1490025,26.20,52.00,3758
1495025,26.20,52.00,3758
1500025,26.20,52.00,3752
1505025,26.20,52.00,3774
1510025,26.20,52.00,3869
1515025,26.20,53.00,3878
1520025,26.20,53.00,3874
1525025,26.20,53.00,3905
1530025,26.20,53.00,3827
1535025,26.20,54.00,3781
1540025,26.20,54.00,3849
1545025,26.20,55.00,3870
1550025,26.20,57.00,3873
1555025,26.20,56.00,3869
1560025,26.30,55.00,3879
1565025,26.70,55.00,3755
1570026,26.70,54.00,3706
1575025,26.30,54.00,3655
1580025,26.20,54.00,3722
1585025,26.20,53.00,3774
1590025,26.20,54.00,3774
1595025,26.20,53.00,3780
1600025,26.20,53.00,3774
1605025,26.20,53.00,3763
1610025,26.20,53.00,3755
1615025,26.20,53.00,3760
1620025,26.20,53.00,3765
1625025,26.20,53.00,3767
1630025,26.20,53.00,3755
1635025,26.20,53.00,3770
1640025,26.20,53.00,3760
1645025,26.20,53.00,3771
1650025,26.20,53.00,3651
1655025,26.20,53.00,3610
1660025,26.20,52.00,3618
1665025,26.20,52.00,3618
1670025,26.20,52.00,3622
1675025,26.20,52.00,3617
1680025,26.20,52.00,3629
1685025,26.20,52.00,4016
1690025,26.20,52.00,4033
1695025,26.20,53.00,3804
1700025,26.20,53.00,3785
5026,26.20,53.00,3595
10025,25.80,53.00,3583
15025,25.80,53.00,3613
20025,25.80,53.00,3665
5026,25.80,53.00,3630
10025,25.80,53.00,3598
15025,25.80,53.00,3583
20025,25.80,53.00,3606
25025,25.80,53.00,3600
30025,25.80,53.00,3601
35025,25.80,53.00,3598
40025,25.80,53.00,3641
45025,25.80,53.00,3603
50025,25.80,53.00,3609
55025,25.80,53.00,3611
60025,25.80,53.00,3612
65025,25.80,53.00,3609
70025,25.80,53.00,3613
75025,25.80,53.00,3605
80025,25.80,53.00,3615
85025,25.80,53.00,3610
90025,25.80,53.00,3611
95025,25.80,53.00,3615
100025,25.80,53.00,3623
105025,25.80,53.00,3610
110025,25.80,53.00,3622
115025,25.80,53.00,3631
120025,25.80,53.00,3632
125025,25.80,53.00,3599
130025,25.80,53.00,3619
135025,25.80,53.00,3614
140025,25.80,53.00,3612
145025,25.80,53.00,3614
150025,25.80,53.00,3605
155025,25.80,53.00,3608
160025,25.80,53.00,3583
165025,25.80,53.00,3600
170025,25.80,53.00,3597
175025,25.80,53.00,3613
180025,25.80,53.00,3607
185025,25.80,53.00,3610
190025,25.80,53.00,3609
195025,25.80,53.00,3611
200025,25.80,53.00,3602
205025,25.80,53.00,3619
210025,25.80,53.00,3615
215025,25.80,53.00,3617
220025,25.80,53.00,3606
225025,25.80,53.00,3619
230025,25.80,53.00,3657
235025,25.80,53.00,3675
240025,25.80,53.00,3715
245025,25.80,53.00,3757
250025,25.80,53.00,3760
255025,25.80,53.00,3758
260025,25.80,53.00,3696
265025,25.80,53.00,3679
270025,25.80,53.00,3689
275025,25.80,53.00,3692
280025,25.80,53.00,3649
285025,25.80,53.00,3660
290025,25.80,53.00,3700
295025,25.80,53.00,3664
300025,25.80,53.00,3658
305025,25.80,53.00,3703
310025,25.80,53.00,3685
315025,25.80,53.00,3660
320025,25.80,53.00,3664
325025,25.80,53.00,3660
330025,25.80,53.00,3659
335025,25.80,53.00,3664
340025,25.80,53.00,3661
345025,25.80,53.00,3653
350025,25.80,53.00,3649
355025,25.80,53.00,3662
360025,25.80,53.00,3693
365025,25.40,53.00,3689
370025,25.30,53.00,3671
375025,25.30,53.00,3664
380025,25.30,53.00,3670
385025,25.30,53.00,3674
390025,25.30,53.00,3668
395025,25.30,53.00,3678
400025,25.30,53.00,3668
405025,25.30,53.00,3666
410025,25.30,53.00,3667
415025,25.30,53.00,3669
420025,25.30,53.00,3674
425025,25.30,53.00,3667
430025,25.30,53.00,3670
435025,25.30,53.00,3661
440025,25.50,53.00,3664
445026,25.70,53.00,3649
450025,25.80,53.00,3725
455025,25.80,53.00,3727
460025,25.80,53.00,3760
465025,25.80,53.00,3763
470025,25.80,53.00,3776
475025,25.80,53.00,3730
480025,25.80,53.00,3695
485025,25.80,53.00,3691
490025,25.80,53.00,3694
495026,25.70,53.00,3687
500025,25.60,53.00,3682
505025,25.60,53.00,3756
510025,25.60,53.00,3696
515025,25.60,53.00,3731
520025,25.40,53.00,3701
525025,25.30,53.00,3821
530025,25.30,53.00,3838
535025,25.50,53.00,3797
540026,25.70,53.00,3754
545025,25.80,53.00,3742
550025,25.80,53.00,3743
555026,25.70,53.00,3737
560026,25.70,53.00,3739
565025,25.80,53.00,3734
570025,25.80,53.00,3745
575026,25.70,53.00,3792
580025,25.80,53.00,3809
585025,25.80,53.00,3794
590025,25.80,53.00,3765
595025,25.80,53.00,3765
600025,25.80,53.00,3729
605025,25.80,53.00,3739
610025,25.80,53.00,3732
615025,25.80,53.00,3728
620025,25.80,53.00,3742
625025,25.80,53.00,3733
630025,25.80,53.00,3738
635025,25.80,53.00,3776
640025,25.80,53.00,3729
645025,25.80,53.00,3718
650025,25.80,53.00,3728
655025,25.80,53.00,3728
660025,25.60,53.00,3747
665025,25.30,53.00,3745
670025,25.30,53.00,3745
675025,25.30,53.00,3735
680025,25.30,53.00,3739
685025,25.30,53.00,3741
690025,25.30,53.00,3747
695025,25.30,53.00,3758
700025,25.30,53.00,3744
705025,25.30,53.00,3737
710025,25.30,53.00,3742
715025,25.30,53.00,3740
720025,25.30,53.00,3753
725025,25.30,53.00,3748
730025,25.30,53.00,3753
735025,25.30,53.00,3755
740025,25.30,53.00,3760
745025,25.30,53.00,3755
750025,25.30,53.00,3759
755025,25.30,53.00,3759
760025,25.30,53.00,3751
765025,25.30,53.00,3801
770025,25.30,53.00,3755
775025,25.30,53.00,3760
780025,25.30,53.00,3760
785025,25.30,53.00,3747
790025,25.30,53.00,3758
795025,25.30,53.00,3760
800025,25.30,53.00,3764
805025,25.30,53.00,3759
810025,25.30,53.00,3746
815025,25.30,53.00,3741
820025,25.30,53.00,3738
825025,25.40,53.00,3739
830025,25.80,53.00,3744
835025,25.80,53.00,3778
840025,25.80,53.00,3799
845025,25.80,53.00,3765
850025,25.80,53.00,3776
855025,25.80,53.00,3755
860025,25.80,53.00,3768
865025,25.80,53.00,3743
870025,25.80,53.00,3725
5026,25.30,53.00,3859
10025,25.30,53.00,3731
15025,25.30,53.00,3731
20025,25.30,53.00,3717
25025,25.30,53.00,3716
30025,25.30,53.00,3722
35025,25.30,53.00,3721
40025,25.30,53.00,3719
45025,25.30,53.00,3713
50025,25.30,53.00,3716
55025,25.30,53.00,3728
60025,25.30,53.00,3728
65025,25.30,53.00,3728
70025,25.30,53.00,3707
75025,25.30,53.00,3715
80025,25.30,53.00,3714
85025,25.30,53.00,3710
90025,25.30,53.00,3714
95025,25.30,53.00,3715
100025,25.30,53.00,3707
105025,25.30,53.00,3760
110025,25.30,53.00,3713
115025,25.30,53.00,3712
120025,25.30,53.00,3712
125025,25.30,53.00,3716
130025,25.30,53.00,3703
135025,25.30,53.00,3703
140025,25.30,53.00,3699
145025,25.30,53.00,3731
150025,25.30,53.00,3750
155025,25.30,53.00,3751
160025,25.30,53.00,3712
165025,25.30,53.00,3714
170025,25.30,53.00,3734
175025,25.30,53.00,3734
180025,25.30,53.00,3728
185025,25.30,53.00,3729
190025,25.30,53.00,3723
195025,25.30,53.00,3730
200025,25.30,53.00,3735
205025,25.30,53.00,3759
210025,25.30,53.00,3760
215025,25.30,53.00,3767
220025,25.30,53.00,3765
225025,25.30,53.00,3743
230025,25.30,53.00,3760
235025,25.30,53.00,3763
240025,25.30,53.00,3765
245025,25.30,53.00,3741
250025,25.30,53.00,3749
255025,25.30,53.00,3744
260025,25.30,53.00,3795
265025,25.30,53.00,3815
270025,25.30,53.00,3809
275025,25.30,53.00,3825
280025,25.30,53.00,3824
285025,25.30,53.00,3801
290025,25.30,53.00,3813
295025,25.30,53.00,3805
300025,25.30,53.00,3815
305025,25.30,53.00,3744
310025,25.30,53.00,3754
315025,25.30,53.00,3750
320025,25.30,53.00,3821
325025,25.30,53.00,3819
330025,25.30,53.00,3769
335025,25.30,53.00,3749
340025,25.30,53.00,3761
345025,25.30,53.00,3787
350025,25.30,53.00,3792
355025,25.30,53.00,3788
360025,25.30,53.00,3900
365025,25.30,53.00,3900
370025,25.30,53.00,3904
375025,25.30,53.00,3909
380025,25.30,53.00,3890
385025,25.30,53.00,3891
390025,25.30,53.00,3835
395025,25.30,53.00,3821
400025,25.30,53.00,3820
405025,25.30,53.00,3790
410025,25.30,53.00,3792
415025,25.30,53.00,3791
420025,25.30,53.00,3792
425025,25.30,53.00,3792
430025,25.30,53.00,3803
435025,25.30,53.00,3799
440025,25.30,53.00,3811
445025,25.30,53.00,3820
450025,25.30,53.00,3798
455025,25.30,53.00,3792
460025,25.30,53.00,3775
465025,25.30,53.00,3799
470025,25.30,53.00,3803
475025,25.30,53.00,3809
480025,25.30,53.00,3803
485025,25.30,53.00,3815
490025,25.30,53.00,3776
495025,25.30,53.00,3767
500025,25.30,53.00,3766
505025,25.30,53.00,3775
510025,25.30,53.00,3769
515025,25.30,53.00,3777
520025,25.30,53.00,3772
525025,25.30,53.00,3779
530025,25.30,53.00,3785
535025,25.30,53.00,3776
540025,25.30,53.00,3789
545025,25.30,53.00,3781
550025,25.30,53.00,3816
555025,25.30,53.00,3775
560025,25.30,53.00,3770
565025,25.30,53.00,3795
570025,25.30,52.00,3844
575025,25.30,52.00,3845
580025,25.30,52.00,3837
585025,25.30,52.00,3845
590025,25.30,52.00,3799
595025,25.30,52.00,3791
600025,25.30,53.00,3840
605025,25.30,53.00,3841
610025,25.30,53.00,3850
615025,25.30,53.00,3821
620025,25.30,53.00,3790
625025,25.30,53.00,3781
630025,25.30,53.00,3763
635025,25.80,53.00,3785
640025,25.80,53.00,3852
645025,25.80,53.00,3799
650025,25.80,53.00,3811
655025,25.80,53.00,3849
660025,25.80,53.00,3856
665025,25.80,53.00,3841
670025,25.80,53.00,3841
675025,25.80,52.00,3760
680025,25.80,52.00,3768
685025,25.80,52.00,3767
690025,25.80,52.00,3767
695025,25.80,52.00,3771
700025,25.80,52.00,3772
705025,25.80,52.00,3766
710025,25.80,52.00,3769
715025,25.80,52.00,3776
720025,25.80,52.00,3771
725025,25.80,52.00,3790
730025,25.80,52.00,3819
735025,25.80,52.00,3779
740025,25.80,52.00,3790
745025,25.80,52.00,3791
750025,25.80,52.00,3787
755025,25.80,52.00,3787
760025,25.80,52.00,3792
765025,25.80,52.00,3787
770025,25.80,52.00,3788
775025,25.80,52.00,3789
780025,25.80,52.00,3776
785025,25.80,52.00,3795
790025,25.80,52.00,3799
795025,25.80,52.00,3796
800025,25.80,52.00,3787
805025,25.80,52.00,3781
810025,25.80,52.00,3780
815025,25.80,52.00,3792
820025,25.80,52.00,3776
825025,25.80,52.00,3771
830025,25.80,52.00,3772
835025,25.80,52.00,3782
840025,25.80,52.00,3773
845025,25.80,52.00,3777
850025,25.80,52.00,3772
855025,25.80,52.00,3778
860025,25.80,52.00,3774
865025,25.80,52.00,3777
870025,25.80,52.00,3781
875025,25.80,52.00,3792
880025,25.80,52.00,3799
885025,25.80,52.00,3798
890025,25.80,52.00,3803
895025,25.80,52.00,3797
900025,25.80,53.00,3805
905025,25.80,53.00,3801
910025,25.80,52.00,3796
915025,25.80,52.00,3796
920025,25.80,52.00,3792
925025,25.80,52.00,3792
930025,25.80,52.00,3793
935025,25.80,52.00,3787
940025,25.80,52.00,3820
945025,25.80,52.00,3818
950025,25.80,52.00,3866
955025,25.80,52.00,3872
960025,25.80,52.00,3819
965025,25.80,52.00,3792
970025,25.80,52.00,3792
975025,25.80,53.00,3790
980025,25.80,53.00,3807
985025,25.80,53.00,3813
990025,25.80,53.00,3787
995025,25.80,53.00,3795
1000025,25.80,53.00,3781
1005025,25.80,53.00,3857
1010025,25.80,52.00,3847
1015025,25.80,52.00,3847
1020025,25.80,52.00,3825
1025025,25.80,52.00,3767
1030025,25.80,52.00,3770
1035025,25.80,52.00,3767
1040025,25.80,52.00,3767
1045025,25.80,52.00,3767
1050025,25.80,52.00,3763
1055025,25.80,52.00,3776
1060025,25.80,52.00,3760
1065025,25.80,52.00,3764
1070025,25.80,52.00,3770
1075025,25.80,52.00,3764
1080025,25.80,52.00,3766
1085025,25.80,52.00,3742
1090025,25.80,52.00,3734
1095025,25.80,52.00,3740
1100025,25.80,52.00,3722
1105025,25.80,52.00,3732
1110025,25.80,52.00,3741
1115025,25.80,52.00,3735
1120025,25.80,52.00,3739
1125025,25.80,52.00,3746
1130025,25.80,52.00,3733
1135025,25.80,52.00,3742
1140025,25.80,52.00,3742
1145025,25.80,52.00,3746
1150025,25.80,52.00,3741
1155025,25.80,52.00,3743
1160025,25.80,52.00,3732
1165025,25.80,52.00,3789
1170025,25.80,52.00,3794
1175025,25.80,52.00,3798
1180025,25.80,52.00,3740
1185025,25.80,52.00,3745
1190025,25.80,52.00,3739
1195025,25.80,52.00,3742
1200025,25.80,52.00,3771
1205025,25.80,52.00,3755
1210025,25.80,52.00,3745
1215025,25.80,51.00,3735
1220025,25.80,51.00,3737
1225025,25.80,51.00,3823
1230025,25.80,51.00,3769
1235025,25.80,51.00,3796
1240025,25.80,51.00,3817
1245025,25.80,52.00,3811
1250025,25.80,52.00,3827
1255025,25.80,52.00,3819
1260025,25.80,52.00,3824
1265025,25.80,52.00,3807
1270025,25.80,52.00,3819
1275025,25.80,52.00,3824
1280025,25.80,52.00,3814
1285025,25.80,52.00,3822
1290025,25.80,52.00,3823
1295025,25.80,52.00,3819
1300025,25.80,52.00,3808
1305025,25.80,52.00,3822
1310025,25.80,52.00,3803
1315025,25.80,52.00,3740
1320025,25.80,52.00,3744
1325025,25.80,52.00,3737
1330025,25.80,52.00,3738
1335025,25.80,52.00,3749
1340025,25.80,52.00,3765
1345025,25.80,52.00,3770
1350025,25.80,52.00,3759
1355025,25.80,52.00,3765
1360025,25.80,52.00,3951
1365025,25.80,52.00,3936
1370025,25.80,52.00,3807
1375025,25.80,52.00,3814
1380025,25.80,52.00,3801
1385025,25.80,52.00,3811
1390025,25.80,52.00,3812
1395025,25.80,52.00,3807
1400025,25.80,52.00,3807
1405025,25.80,52.00,3799
1410025,25.80,52.00,3803
1415025,25.80,52.00,3801
1420025,25.80,52.00,3792
1425025,25.80,52.00,3806
1430025,25.80,52.00,3813
1435025,25.80,52.00,3814
1440025,25.80,52.00,3813
1445025,25.80,52.00,3824
1450025,25.80,52.00,3812
1455025,25.80,52.00,3814
1460025,25.80,52.00,3811
1465025,25.80,52.00,3811
1470025,25.80,52.00,3814
1475025,25.80,52.00,3797
1480025,25.80,52.00,3798
1485025,25.80,52.00,3792
1490025,25.80,52.00,3806
1495025,25.80,52.00,3796
1500025,25.80,52.00,3801
1505025,25.80,52.00,3801
1510025,25.80,52.00,3802
1515025,25.80,52.00,3800
1520025,25.80,52.00,3801
1525025,25.80,52.00,3825
1530025,25.80,52.00,3792
1535025,25.80,52.00,3805
1540025,25.80,52.00,3821
1545025,25.80,52.00,3824
1550025,25.80,52.00,3824
1555025,25.80,52.00,3823
1560025,25.80,52.00,3824
1565025,25.80,52.00,3839
1570025,25.80,52.00,3829
1575025,25.80,52.00,3829
1580025,25.80,52.00,3829
1585025,25.80,52.00,3831
1590025,25.80,52.00,3829
1595025,25.80,52.00,3836
1600025,25.80,52.00,3826
1605025,25.80,52.00,3831
1610025,25.80,52.00,3823
1615025,25.80,52.00,3831
1620025,25.80,52.00,3827
1625025,25.80,52.00,3827
1630025,25.80,52.00,3824
1635025,25.80,52.00,3831
1640025,25.80,52.00,3831
1645025,25.80,52.00,3845
1650025,25.80,52.00,3846
1655025,25.80,53.00,3839
1660025,25.80,53.00,3843
1665025,25.80,53.00,3856
1670025,25.80,53.00,3853
1675025,25.80,53.00,3826
1680025,25.80,53.00,3837
1685025,25.80,53.00,3856
1690025,25.80,52.00,3861
1695025,25.80,52.00,3856
1700025,25.80,52.00,3854
1705025,25.80,52.00,3821
1710025,25.80,52.00,3900
1715025,25.80,52.00,3920
1720025,25.80,52.00,3920
1725025,25.80,52.00,3920
1730025,25.80,52.00,3923
1735025,25.80,51.00,3906
1740025,25.80,51.00,3920
1745025,25.80,51.00,3979
1750025,25.80,51.00,4023
1755025,25.80,51.00,4016
1760025,25.80,51.00,3927
1765025,25.80,51.00,4033
1770025,25.80,51.00,4044
1775025,25.80,51.00,3931
1780025,25.80,51.00,3931
1785025,25.80,51.00,4039
1790025,25.80,51.00,3939
1795025,25.80,51.00,3941
1800025,25.80,52.00,3939
1805025,25.80,52.00,3963
1810025,25.80,52.00,3939
1815025,25.80,52.00,3930
1820025,25.80,52.00,3911
1825025,25.80,52.00,3910
1830025,25.80,52.00,3913
1835025,25.80,52.00,3911
1840025,25.80,52.00,3919
1845025,25.80,51.00,3906
1850025,25.80,51.00,3907
1855025,25.80,51.00,3894
1860025,25.80,51.00,3898
1865025,25.80,51.00,3901
1870025,25.80,51.00,3890
1875025,25.80,51.00,3890
1880025,25.80,51.00,3895
1885025,25.80,51.00,3886
1890025,25.80,51.00,3889
1895025,25.80,51.00,3879
1900025,25.80,51.00,3888
1905025,25.80,51.00,3890
1910025,25.80,51.00,3891
1915025,25.80,51.00,3901
1920025,25.80,51.00,3888
1925025,25.80,51.00,3889
5026,25.30,52.00,4001
10025,25.30,52.00,3984
15025,25.30,52.00,3963
20025,25.30,51.00,3966
25025,25.30,51.00,3965
30025,25.30,51.00,3968
35025,25.30,51.00,3877
40025,25.30,51.00,3855
45025,25.30,51.00,3862
50025,25.30,51.00,3869
55025,25.30,51.00,3856
60025,25.30,51.00,3856
65025,25.30,51.00,3870
70025,25.30,51.00,3856
75025,25.30,51.00,3840
80025,25.30,51.00,3833
85025,25.30,51.00,3839
90025,25.30,51.00,3831
95025,25.30,51.00,3834
100025,25.30,51.00,3838
105025,25.30,51.00,3842
110025,25.30,51.00,3839
115025,25.30,51.00,3850
120025,25.30,51.00,3862
125025,25.30,51.00,3869
130025,25.30,51.00,3856
135025,25.30,51.00,3856
140025,25.30,51.00,3856
145025,25.30,51.00,3852
150025,25.30,51.00,3857
155025,25.30,51.00,3867
160025,25.30,51.00,3839
165025,25.30,51.00,3837
170025,25.30,51.00,3835
175025,25.30,51.00,3833
180025,25.30,51.00,3836
185025,25.30,51.00,3837
190025,25.30,51.00,3830
195025,25.30,51.00,3844
200025,25.30,51.00,3792
205025,25.30,51.00,3813
210025,25.30,51.00,3812
215025,25.30,51.00,3820
220025,25.30,51.00,3818
225025,25.30,51.00,3815
230025,25.30,51.00,3811
5026,25.30,51.00,3883
10025,25.30,51.00,3856
15025,25.30,51.00,3842
20025,25.30,51.00,3839
25025,25.30,51.00,3827
30025,25.30,51.00,3822
35025,25.30,51.00,3824
40025,25.30,51.00,3826
45025,25.30,52.00,3856
5026,25.30,52.00,3945
10025,25.30,51.00,3942
15025,25.30,51.00,3949
20025,25.30,51.00,3958
25025,25.30,51.00,3959
30025,25.30,51.00,3973
35025,25.30,51.00,3969
40025,25.30,51.00,3959
45025,25.30,51.00,3942
50025,25.30,51.00,3925
55025,25.30,51.00,3930
60025,25.30,51.00,4018
65025,25.30,51.00,3940
70025,25.30,51.00,3945
75025,25.30,51.00,3915
80025,25.30,51.00,3922
85025,25.30,51.00,3946
90025,25.30,51.00,3937
95025,25.30,51.00,3942
5026,25.30,51.00,3904
10025,25.30,51.00,3871
15025,25.30,51.00,3881
20025,25.30,51.00,3875
25025,25.30,51.00,3888
30025,25.30,51.00,3886
35025,25.30,51.00,3880
40025,25.30,51.00,3888
45025,25.30,52.00,3881
50025,25.30,52.00,3898
55025,25.30,51.00,4095
60025,25.30,51.00,4095
65025,25.30,52.00,3991
70025,25.30,51.00,3935
75025,25.30,51.00,3920
80025,25.30,51.00,3919
85025,25.30,51.00,4031
90025,25.30,51.00,4043
95025,25.30,51.00,4039
100025,25.30,51.00,3969
105025,25.30,51.00,3958
110025,25.30,51.00,3973
115025,25.30,51.00,3959
120025,25.30,51.00,3979
125025,25.30,51.00,3984
130025,25.30,51.00,4038
135025,25.30,51.00,4043
140025,25.30,51.00,3969
145025,25.30,51.00,4021
150025,25.30,51.00,4033
155025,25.30,51.00,4048
160025,25.30,51.00,3975
165025,25.30,51.00,3968
170025,25.30,51.00,3933
175025,25.30,51.00,3923
180025,25.30,51.00,3929
185025,25.30,51.00,3939
190025,25.30,51.00,4095
195025,25.30,51.00,4075
200025,25.30,51.00,4027
205025,25.30,51.00,3931
210025,25.30,51.00,3934
215025,25.30,51.00,3929
220025,25.30,51.00,3935
225025,25.30,51.00,3933
230025,25.30,51.00,3957
235025,25.30,51.00,3920
240025,25.30,51.00,3915
245025,25.30,51.00,3925
250025,25.30,51.00,3937
255025,25.30,51.00,3999
260025,25.30,51.00,3918
265025,25.30,51.00,3905
270025,25.30,51.00,3911
275025,25.30,51.00,3927
280025,25.30,51.00,3953
285025,25.30,51.00,3965
290025,25.30,51.00,3940
295025,25.30,51.00,3938
300025,25.30,51.00,3942
305025,25.30,51.00,3900
310025,25.30,51.00,3894
315025,25.30,51.00,3897
320025,25.30,51.00,3888
325025,25.30,51.00,3883
330025,25.30,51.00,3888
335025,25.30,51.00,3885
340025,25.30,51.00,3881
345025,25.30,51.00,3893
350025,25.30,51.00,3877
355025,25.30,50.00,3876
360025,25.30,50.00,3888
365025,25.30,50.00,3888
370025,25.30,50.00,3950
375025,25.30,50.00,3941
380025,25.30,50.00,3948
385025,25.30,50.00,3949
390025,25.30,50.00,3952
395025,25.70,50.00,3950
400025,25.80,50.00,3947
405025,25.80,50.00,3958
410025,25.80,50.00,3958
415025,25.80,50.00,3966
420025,25.80,50.00,3963
425025,25.80,50.00,3947
430025,25.80,50.00,3971
435025,25.80,50.00,3949
440025,25.80,50.00,3941
445025,25.80,50.00,3952
450025,25.80,50.00,3946
455025,25.80,50.00,3951
460025,25.80,50.00,3947
465025,25.80,50.00,3952
470025,25.80,50.00,3961
475025,25.80,50.00,3952
480025,25.80,50.00,3954
485025,25.80,50.00,3961
490025,25.80,50.00,3971
495025,25.80,50.00,3969
500025,25.80,50.00,3976
505025,25.80,50.00,3973
510025,25.80,50.00,3962
515025,25.80,50.00,3984
520025,25.80,50.00,3982
525025,25.80,50.00,3998
530025,25.80,50.00,3967
535025,25.80,50.00,3966
540025,25.80,50.00,3967
545025,25.80,50.00,3974
550025,25.80,50.00,3942
555025,25.80,49.00,3941
560025,25.80,49.00,3927
565025,25.80,49.00,3915
570025,25.80,49.00,3919
575025,25.80,49.00,3922
580025,25.80,49.00,3922
585025,25.80,49.00,3922
590025,25.80,49.00,3923
595025,25.80,49.00,3929
600025,25.80,49.00,3925
605025,25.80,49.00,3919
610025,25.80,49.00,3919
615025,25.80,49.00,3951
620025,25.80,49.00,3922
625025,25.80,49.00,3931
630025,25.80,49.00,3925
635025,25.80,49.00,3925
640025,25.80,49.00,3927
645025,25.80,49.00,3920
650025,25.80,49.00,3927
655025,25.80,49.00,3915
660025,25.80,49.00,3910
665025,25.80,49.00,3913
670025,25.80,49.00,3914
675025,25.80,49.00,3918
680025,25.80,49.00,3921
685025,25.80,49.00,3919
690025,25.80,49.00,3923
695025,25.80,49.00,3920
700025,25.80,49.00,3920
705025,25.80,49.00,3919
710025,25.80,49.00,3922
715025,25.80,49.00,3915
720025,25.80,49.00,3920
725025,25.80,49.00,3913
730025,25.80,49.00,3920
735025,25.80,49.00,3920
740025,25.80,49.00,3932
745025,25.80,49.00,3927
750025,25.80,49.00,3927
755025,25.80,49.00,3927
760025,25.80,49.00,3921
765025,25.80,49.00,3918
770025,25.80,49.00,3924
775025,25.80,49.00,3922
780025,25.80,49.00,3918
785025,25.80,49.00,3929
790025,25.80,49.00,3927
795025,25.80,49.00,3927
800025,25.80,49.00,3946
805025,25.80,49.00,3926
810025,25.80,49.00,3931
815025,25.80,49.00,3931
820025,25.80,49.00,3935
825025,25.80,49.00,3914
830025,25.80,49.00,3923
835025,25.80,49.00,3771
840025,25.80,49.00,3835
845025,25.80,49.00,3732
850025,25.80,49.00,3802
855025,25.80,49.00,3971
860025,25.80,49.00,4007
865025,25.80,49.00,3906
870025,25.80,49.00,3849
875025,25.80,49.00,3815
880025,25.80,49.00,3826
885025,25.80,49.00,3694
890025,25.80,49.00,3692
895025,25.80,49.00,3630
900025,25.80,49.00,3861
905025,25.80,49.00,3861
910025,25.80,49.00,3862
915025,25.80,49.00,3859
920025,25.80,49.00,3858
925025,25.80,49.00,3857
930025,25.80,49.00,3856
935025,25.80,49.00,3859
940025,25.80,49.00,3865
945025,25.80,49.00,3857
950025,25.80,49.00,3855
955025,25.80,49.00,3859
960025,25.80,49.00,3863
965025,25.80,49.00,3853
970025,25.80,49.00,3857
975025,25.80,49.00,3860
980025,25.80,49.00,3859
985025,25.80,49.00,3867
990025,25.80,49.00,3863
995025,25.80,49.00,3856
1000025,25.80,49.00,3857
1005025,25.80,49.00,3888
1010025,25.80,49.00,3888
1015025,25.80,49.00,3861
1020025,25.80,49.00,3857
1025025,25.80,49.00,3870
1030025,25.80,49.00,3863
1035025,25.80,49.00,3861
1040025,25.80,49.00,3859
1045025,25.80,49.00,3862
1050025,25.80,49.00,3863
1055025,25.80,49.00,3869
1060025,25.80,49.00,3867
1065025,25.80,49.00,3863
1070025,25.80,49.00,3861
1075025,25.80,49.00,3870
1080025,25.80,49.00,3865
1085025,25.80,49.00,3873
1090025,25.80,49.00,3861
1095025,25.80,49.00,3867
1100025,25.80,49.00,3870
1105025,25.80,49.00,3875
1110025,25.80,49.00,3876
1115025,25.80,49.00,3879
1120025,25.80,49.00,3887
1125025,25.80,49.00,3881
1130025,25.80,49.00,3881
1135025,25.80,49.00,3881
1140025,25.80,49.00,3887
1145025,25.80,49.00,3883
1150025,25.80,49.00,3886
1155025,25.80,49.00,3884
1160025,25.80,49.00,3916
1165025,25.80,49.00,3913
1170025,25.80,49.00,3910
1175025,25.80,49.00,3916
1180025,25.80,49.00,3904
1185025,25.80,49.00,3913
1190025,25.80,49.00,3914
1195025,25.80,49.00,3925
1200025,25.80,49.00,3920
1205025,25.80,49.00,3923
1210025,25.80,49.00,3920
1215025,25.80,49.00,3914
1220025,25.80,49.00,3920
1225025,25.80,49.00,3916
1230025,25.80,49.00,3908
1235025,25.80,49.00,3918
1240025,25.80,49.00,3911
1245025,25.80,49.00,3920
1250025,25.80,49.00,3924
1255025,25.80,49.00,3921
1260025,25.80,49.00,3919
1265025,25.80,49.00,3919
1270025,25.80,49.00,3915
1275025,25.80,49.00,3919
1280025,25.80,49.00,3922
1285025,25.80,49.00,3924
1290025,25.80,49.00,3937
1295025,25.80,49.00,3931
1300025,25.80,49.00,3938
1305025,25.80,49.00,3926
1310025,25.80,49.00,3932
1315025,25.80,49.00,3933
1320025,25.80,49.00,3926
1325025,25.80,49.00,3952
1330025,25.50,49.00,3945
1335025,25.30,49.00,3919
5026,25.30,49.00,3935
10025,25.30,49.00,3920
15025,25.30,49.00,3914
20025,25.30,49.00,3920
25025,25.30,49.00,3919
30025,25.30,49.00,3913
35025,25.30,49.00,3920
40025,25.30,49.00,3911
45025,25.30,49.00,3917
50025,25.30,49.00,3920
55025,25.30,49.00,3910
60025,25.30,49.00,3917
65025,25.30,49.00,3914
70025,25.30,49.00,3918
75025,25.30,49.00,3914
80025,25.30,49.00,3914
85025,25.30,49.00,3917
90025,25.30,49.00,3915
95025,25.30,49.00,3913
100025,25.30,49.00,3920
105025,25.30,49.00,3921
110025,25.30,49.00,3920
115025,25.30,49.00,3907
120025,25.30,49.00,3908
125025,25.30,49.00,3920
130025,25.30,49.00,3905
135025,25.30,49.00,3906
140025,25.30,49.00,3915
145025,25.30,49.00,3909
150025,25.30,49.00,3918
155025,25.30,49.00,3917
160025,25.30,49.00,3909
165025,25.30,49.00,3919
170025,25.30,49.00,3900
175025,25.30,49.00,3911
180025,25.30,49.00,3918
185025,25.30,49.00,3916
190025,25.30,49.00,3918
195025,25.30,49.00,3930
200025,25.30,49.00,3936
205025,25.30,49.00,1467
210025,25.30,49.00,1474
215025,25.30,49.00,1470
220025,25.30,49.00,1472
225025,25.30,49.00,1472
230025,25.30,49.00,1487
235025,25.30,49.00,1466
240025,25.30,49.00,1488
245025,25.30,49.00,1470
250025,25.80,49.00,1475
255025,25.80,49.00,1485
260025,25.80,49.00,1494
265025,25.80,49.00,1472
270025,25.80,49.00,1475
275025,25.80,49.00,2689
280025,25.80,49.00,1481
285025,25.80,49.00,1483
290025,25.80,49.00,1483
295025,25.80,49.00,1475
300025,25.80,49.00,1472
305025,25.80,49.00,1476
310025,25.80,49.00,1487
315025,25.80,49.00,1489
320025,25.80,49.00,1491
325025,25.80,49.00,1489
330025,25.80,49.00,1490
335025,25.80,49.00,1488
340025,25.80,49.00,1486
345025,25.80,49.00,1477
350025,25.80,49.00,1483
355025,25.80,49.00,1494
360025,25.80,49.00,1488
365025,25.80,49.00,1488
370025,25.80,49.00,1499
375025,25.80,49.00,1482
380025,25.80,49.00,1494
385025,25.80,49.00,1482
390025,25.80,49.00,1496
395025,25.80,49.00,1492
400025,25.80,49.00,1494
405025,25.80,49.00,1488
410025,25.80,49.00,1498
415025,25.80,49.00,1499
420025,25.80,49.00,1488
425025,25.80,49.00,1497
430025,25.80,49.00,1505
435025,25.80,49.00,1495
440025,25.80,49.00,1492
445025,25.80,49.00,1502
450025,25.80,49.00,1505
455025,25.80,49.00,1497
460025,25.80,49.00,1457
465025,25.80,49.00,1455
470025,25.80,49.00,1455
475025,25.80,49.00,1470
480025,25.80,49.00,1459
485025,25.80,49.00,1457
490025,25.80,49.00,1462
495025,25.80,49.00,1473
500025,25.80,49.00,1468
505025,25.80,49.00,1452
510025,25.80,49.00,1461
515025,25.80,49.00,1463
520025,25.80,49.00,1472
525025,25.80,49.00,1478
530025,25.80,49.00,1462
535025,25.80,49.00,1459
540025,25.80,49.00,1462
545025,25.80,49.00,1470
550025,25.80,49.00,1470
555025,25.80,49.00,1483
560025,25.80,49.00,1463
565025,25.80,49.00,1472
570025,25.80,49.00,1463
575025,25.80,49.00,1475
580025,25.80,49.00,1465
585025,25.80,49.00,1469
590025,25.80,49.00,1472
595025,25.80,49.00,1481
600025,25.80,49.00,1481
605025,25.80,49.00,1485
610025,25.80,49.00,1478
615025,25.80,49.00,1476
620025,25.80,49.00,1472
625025,25.80,49.00,1487
630025,25.80,49.00,1478
635025,25.80,49.00,1470
640025,25.80,49.00,1471
645025,25.80,49.00,1475
650025,25.80,49.00,1486
655025,25.80,49.00,1483
660025,25.80,49.00,1472
665025,25.80,49.00,1475
670025,25.80,49.00,1472
675025,25.80,49.00,1481
680025,25.80,49.00,1478
685025,25.80,49.00,1482
690025,25.80,49.00,1488
695025,25.80,49.00,1488
700025,25.80,49.00,1471
705025,25.80,49.00,1477
710025,25.80,49.00,1487
715025,25.80,49.00,1482
720025,25.80,49.00,1483
725025,25.80,49.00,1481
730025,25.80,49.00,1488
735025,25.80,49.00,1475
740025,25.80,49.00,1487
745025,25.80,49.00,1488
750025,25.80,49.00,1491
755025,25.80,49.00,1478
760025,25.80,49.00,1475
765025,25.80,49.00,1475
770025,25.80,49.00,1483
775025,25.80,49.00,1482
780025,25.80,49.00,1479
785025,25.80,49.00,1477
790025,25.80,49.00,1477
795025,25.80,49.00,1492
800025,25.80,49.00,1488
805025,25.80,49.00,1483
810025,25.80,49.00,1498
815025,25.80,49.00,1485
820025,25.80,49.00,1488
825025,25.80,49.00,1491
830025,25.80,49.00,1486
835025,25.80,49.00,1498
840025,25.80,49.00,1487
845025,25.80,49.00,1485
850025,25.80,49.00,1617
855025,25.80,49.00,1699
860025,25.80,49.00,1698
865025,25.80,49.00,1712
870025,25.80,49.00,1680
875025,25.80,49.00,1680
880025,25.80,49.00,1698
885025,25.80,49.00,1691
890025,25.80,49.00,1680
895025,25.80,49.00,1693
900025,25.80,49.00,1693
905025,25.80,49.00,1680
5026,25.80,49.00,1855
10025,25.30,54.00,1813
15025,25.30,54.00,1811
20025,25.30,53.00,1815
25025,25.30,53.00,1798
30025,25.30,52.00,1809
35025,25.30,52.00,1807
40025,25.30,52.00,1805
45025,25.30,52.00,1811
50025,25.30,51.00,1805
55025,25.30,51.00,1816
60025,25.30,51.00,1806
65025,25.30,51.00,1814
70025,25.30,51.00,1803
75025,25.30,51.00,1806
80025,25.30,51.00,1807
85025,25.30,51.00,1799
90025,25.30,51.00,1804
95025,25.30,51.00,1810
100025,25.30,51.00,1810
105025,25.30,51.00,1806
110025,25.30,51.00,1807
115025,25.30,51.00,1810
120025,25.30,51.00,1808
125025,25.30,51.00,1823
130025,25.30,51.00,1814
135025,25.30,51.00,1810
5026,24.50,56.00,3673
10025,24.50,56.00,3725
15025,24.50,56.00,3713
20025,24.50,56.00,3792
25025,24.50,56.00,3619
30025,24.80,57.00,3627
35025,24.80,57.00,3632
40025,24.80,57.00,3632
45025,24.80,57.00,3633
50025,24.80,57.00,3636
55025,24.80,57.00,3616
60025,24.80,57.00,3580
65025,24.80,57.00,3579
70025,24.80,57.00,3573
75025,24.80,57.00,3575
80025,24.80,57.00,3583
5026,24.80,57.00,3596
10025,24.80,57.00,3559
15025,24.80,57.00,3568
20025,24.80,57.00,3563
25025,24.80,57.00,3565
30025,24.80,57.00,3555
35025,24.80,56.00,3568
40025,24.80,56.00,3558
45025,24.80,56.00,3555
50025,24.80,56.00,3561
55025,24.80,56.00,3559
60025,24.80,56.00,3564
65025,24.80,56.00,3538
70025,24.80,56.00,3540
75025,24.80,56.00,3540
80025,24.80,56.00,3543
85025,24.80,56.00,3542
90025,24.80,56.00,3541
95025,24.80,56.00,3542
100025,24.80,56.00,3549
105025,24.80,56.00,3531
110025,24.80,56.00,3520
115025,24.80,56.00,3510
120025,24.80,56.00,3521
125025,24.80,56.00,3520
130025,24.80,56.00,3553
135025,24.80,56.00,3557
140025,24.80,56.00,3560
145025,24.80,56.00,3564
150025,24.80,56.00,3563
155025,24.80,56.00,3559
160025,24.80,56.00,3556
165025,24.80,56.00,3557
170025,24.80,56.00,3568
175025,24.80,56.00,3568
180025,24.80,55.00,3567
185025,24.80,55.00,3567
190025,24.80,55.00,3551
195025,24.80,55.00,3559
200025,24.80,55.00,3562
205025,25.00,55.00,3615
210025,25.30,55.00,3518
215025,25.30,55.00,3523
220025,25.30,55.00,3526
225025,25.30,55.00,3537
230025,25.30,55.00,3537
235025,25.30,55.00,3533
240025,25.30,55.00,3527
245025,25.30,55.00,3531
250025,25.30,55.00,3535
255025,25.30,55.00,3525
260025,25.30,55.00,3523
265025,25.30,55.00,3525
270025,25.30,55.00,3536
275025,25.30,55.00,3527
280025,25.30,55.00,3541
285025,25.30,55.00,3530
290025,25.30,55.00,3534
295025,25.30,54.00,3519
300025,25.30,54.00,3520
305025,25.30,54.00,3530
310025,25.30,54.00,3533
315025,25.30,54.00,3526
320025,25.30,54.00,3536
325025,25.30,54.00,3529
330025,25.30,54.00,3533
335025,25.30,54.00,3519
340025,25.30,54.00,3529
345025,25.30,54.00,3523
350025,25.30,54.00,3531
355025,25.30,54.00,3529
360025,25.30,54.00,3523
365025,25.30,54.00,3522
370025,25.30,54.00,3527
375025,25.30,54.00,3534
380025,25.30,54.00,3531
385025,25.30,54.00,3542
390025,25.30,54.00,3538
395025,25.30,54.00,3538
400025,25.30,54.00,3539
405025,25.30,54.00,3538
410025,25.30,54.00,3543
415025,25.30,54.00,3533
420025,25.30,54.00,3543
425025,25.30,54.00,3535
430025,25.30,54.00,3542
435025,25.30,54.00,3538
440025,25.30,54.00,3545
445025,25.30,54.00,3537
450025,25.30,54.00,3538
455025,25.30,54.00,3536
460025,25.30,54.00,3536
465025,25.30,54.00,3541
470025,25.30,54.00,3533
475025,25.30,54.00,3536
480025,25.30,54.00,3534
485025,25.30,54.00,3530
490025,25.30,54.00,3521
495025,25.30,54.00,3530
500025,25.30,54.00,3536
505025,25.30,53.00,3536
510025,25.30,53.00,3536
515025,25.30,53.00,3537
520025,25.30,53.00,3535
525025,25.60,53.00,3535
530025,25.80,53.00,3527
535025,25.80,53.00,3524
540025,25.80,53.00,3529
545025,25.80,53.00,3533
550025,25.80,53.00,3546
555025,25.80,53.00,3538
560025,25.80,53.00,3543
565025,25.80,53.00,3537
570025,25.80,53.00,3535
575025,25.80,53.00,3539
580025,25.80,53.00,3545
585025,25.80,53.00,3540
590025,25.80,53.00,3539
595025,25.80,53.00,3535
600025,25.80,53.00,3547
605025,25.80,53.00,3573
610025,25.80,53.00,3542
615025,25.80,53.00,3547
620025,25.80,53.00,3541
625025,25.80,53.00,3543
630025,25.80,53.00,3541
635025,25.80,53.00,3542
640025,25.80,53.00,3552
645025,25.80,53.00,3554
650025,25.80,53.00,3546
655025,25.80,53.00,3543
660025,25.80,53.00,3550
665025,25.80,53.00,3542
670025,25.80,53.00,3537
675025,25.80,53.00,3549
680025,25.80,53.00,3552
685025,25.80,53.00,3549
690025,25.80,53.00,3537
695025,25.80,53.00,3536
700025,25.80,53.00,3536
705025,25.80,53.00,3536
710025,25.80,53.00,3539
715025,25.80,53.00,3543
720025,25.80,53.00,3536
725025,25.80,53.00,3531
730025,25.80,53.00,3532
735025,25.80,53.00,3542
740025,25.80,53.00,3581
745025,25.80,53.00,3583
750025,25.80,53.00,3582
755025,25.80,53.00,3583
760025,25.80,53.00,3536
765025,25.80,53.00,3536
770025,25.80,53.00,3542
775025,25.80,53.00,3546
780025,25.80,53.00,3546
785025,25.80,53.00,3536
790025,25.80,53.00,3547
795025,25.80,52.00,3553
800025,25.80,52.00,3549
805025,25.80,52.00,3549
810025,25.80,52.00,3539
815025,25.80,52.00,3536
820025,25.80,52.00,3534
825025,25.80,52.00,3531
830025,25.80,52.00,3535
835025,25.80,52.00,3534
840025,25.80,52.00,3536
845025,25.80,52.00,3536
850025,25.80,52.00,3531
855025,25.80,52.00,3541
860025,25.80,52.00,3545
865025,25.80,52.00,3550
870025,25.80,52.00,3545
875025,25.80,52.00,3548
880025,25.80,52.00,3555
885025,25.80,52.00,3543
890025,25.80,52.00,3525
895025,25.80,52.00,3530
900025,25.80,52.00,3534
905025,25.80,52.00,3545
910025,25.80,52.00,3546
915025,25.80,52.00,3568
920025,25.80,52.00,3568
925025,25.80,52.00,3565
930025,25.80,52.00,3565
935025,25.80,52.00,3568
940025,25.80,52.00,3566
945025,25.80,52.00,3579
950025,25.80,52.00,3571
955025,25.80,52.00,3579
960025,25.80,52.00,3574
965025,25.80,52.00,3568
970025,25.80,52.00,3565
975025,25.80,52.00,3568
980025,25.80,52.00,3570
985025,25.80,52.00,3570
990025,25.80,52.00,3567
995025,25.80,52.00,3569
1000025,25.80,52.00,3571
1005025,25.80,52.00,3569
1010025,25.80,52.00,3570
1015025,25.80,52.00,3568
1020025,25.80,52.00,3568
1025025,25.80,52.00,3568
1030025,25.80,52.00,3574
1035025,25.80,52.00,3577
1040025,25.80,52.00,3581
1045025,25.80,52.00,3579
1050025,25.80,52.00,3571
1055025,25.80,52.00,3568
1060025,25.80,52.00,3566
1065025,25.80,52.00,3569
1070025,25.80,52.00,3568
1075025,25.80,52.00,3575
1080025,25.80,52.00,3578
1085025,25.80,52.00,3578
1090025,25.80,52.00,3570
1095025,25.80,52.00,3566
1100025,25.80,52.00,3568
1105025,25.80,53.00,3566
1110025,25.80,53.00,3568
1115025,25.80,53.00,3566
1120025,25.80,53.00,3565
1125025,25.80,53.00,3564
1130025,25.80,53.00,3568
1135025,25.80,53.00,3567
1140025,25.80,53.00,3561
1145025,25.80,53.00,3563
1150025,25.80,53.00,3570
1155025,25.80,53.00,3570
1160025,25.80,53.00,3577
1165025,25.80,53.00,3571
1170025,25.80,53.00,3569
1175025,25.80,53.00,3569
1180025,25.80,53.00,3568
1185025,25.80,53.00,3566
1190025,25.80,53.00,3583
1195025,25.80,53.00,3568
1200025,25.80,53.00,3566
1205025,25.80,53.00,3550
1210025,25.80,53.00,3563
1215025,25.80,53.00,3553
1220025,25.80,53.00,3545
1225025,25.80,53.00,3552
1230025,25.80,53.00,3567
1235025,25.80,53.00,3572
1240025,25.80,53.00,3577
1245025,25.80,53.00,3570
1250025,25.80,53.00,3568
1255025,25.80,53.00,3568
1260025,25.80,53.00,3570
1265025,25.80,53.00,3574
1270025,25.80,53.00,3565
1275025,25.80,53.00,3568
1280025,25.80,53.00,3557
1285025,25.80,53.00,3559
1290025,25.80,53.00,3565
1295025,25.80,53.00,3569
1300025,25.80,53.00,3567
1305025,25.80,53.00,3568
1310025,25.80,53.00,3567
1315025,25.80,53.00,3568
1320025,25.80,53.00,3603
1325025,25.80,53.00,3573
1330025,25.80,53.00,3582
1335025,25.80,53.00,3569
1340025,25.80,53.00,3568
1345025,25.80,53.00,3575
1350025,25.80,53.00,3563
1355025,25.80,53.00,3563
1360025,25.80,53.00,3568
1365025,25.80,53.00,3577
1370025,25.80,53.00,3570
1375025,25.80,52.00,3569
1380025,25.80,52.00,3568
1385025,25.80,52.00,3574
1390025,25.80,52.00,3572
1395025,25.80,52.00,3577
1400025,25.80,52.00,3579
1405025,25.80,52.00,3579
1410025,25.80,52.00,3575
1415025,25.80,52.00,3559
1420025,25.80,53.00,3555
1425025,26.20,53.00,3548
1430025,26.20,53.00,3551
1435025,26.20,53.00,3541
1440025,26.20,53.00,3543
1445025,26.20,52.00,3538
1450025,26.20,52.00,3543
1455025,26.20,52.00,3600
1460025,26.20,53.00,3655
1465025,26.20,53.00,3506
1470025,26.20,53.00,3509
1475025,26.20,53.00,3514
5026,26.20,53.00,3600
10025,26.20,53.00,3549
15025,26.20,52.00,3553
20025,26.20,52.00,3546
25025,26.20,52.00,3551
30025,26.20,52.00,3547
35025,26.20,52.00,3552
40025,26.20,52.00,3549
45025,26.20,52.00,3555
50025,26.20,52.00,3555
55025,26.20,52.00,3547
60025,26.20,52.00,3546
65025,26.20,52.00,3541
70025,26.20,52.00,3575
75025,26.20,52.00,3583
80025,26.20,52.00,3583
85025,26.20,52.00,3583
90025,26.20,52.00,3575
95025,26.20,52.00,3583
100025,26.20,52.00,3583
105025,26.20,52.00,3599
110025,26.20,51.00,3583
115025,26.20,51.00,3583
120025,26.20,51.00,3597
125025,26.20,51.00,3583
130025,26.20,51.00,3600
135025,26.20,51.00,3553
140025,26.20,51.00,3551
145025,26.20,51.00,3551
150025,26.20,51.00,3563
155025,26.20,51.00,3560
160025,26.20,51.00,3563
165025,26.20,51.00,3559
170025,26.20,51.00,3562
175025,26.20,51.00,3563
180025,26.20,51.00,3560
185025,26.20,51.00,3583
190025,26.20,51.00,3582
195025,26.20,51.00,3552
200025,26.20,51.00,3559
205025,26.20,51.00,3551
210025,26.20,51.00,3541
215025,26.20,51.00,3549
220025,26.20,51.00,3551
225025,26.20,51.00,3555
230025,26.20,51.00,3546
235025,26.20,51.00,3554
240025,26.20,51.00,3567
245025,26.20,51.00,3558
250025,26.20,51.00,3573
255025,26.20,51.00,3568
260025,26.20,51.00,3561
265025,26.20,51.00,3568
270025,26.20,51.00,3554
275025,26.20,51.00,3555
280025,26.20,51.00,3552
285025,26.20,51.00,3555
290025,26.20,51.00,3555
295025,26.20,51.00,3543
300025,26.20,51.00,3573
305025,26.20,51.00,3563
310025,26.20,51.00,3568
315025,26.20,51.00,3557
320025,26.20,51.00,3553
325025,26.20,51.00,3558
330025,26.20,51.00,3549
335025,26.20,51.00,3551
340025,26.20,51.00,3564
345025,26.20,51.00,3551
350025,26.20,51.00,3556
355025,26.20,51.00,3551
360025,26.20,51.00,3558
365025,26.20,51.00,3551
370025,26.20,51.00,3557
375025,26.20,51.00,3553
380025,26.20,51.00,3562
385025,26.20,51.00,3555
390025,26.20,51.00,3555
395025,26.20,51.00,3555
400025,26.20,51.00,3553
405025,26.20,51.00,3562
410025,26.20,51.00,3551
415025,26.20,51.00,3536
420025,26.20,51.00,3553
425025,26.20,51.00,3578
430025,26.20,51.00,3583
435025,26.20,51.00,3598
440025,26.20,51.00,3603
445025,26.20,51.00,3601
450025,26.20,51.00,3583
455025,26.20,51.00,3598
460025,26.20,51.00,3601
465025,26.20,50.00,3597
470025,26.20,50.00,3597
475025,26.20,50.00,3597
480025,26.20,50.00,3602
485025,26.20,50.00,3600
490025,26.20,50.00,3597
495025,26.20,50.00,3606
500025,26.20,50.00,3597
505025,26.20,50.00,3601
510025,26.20,50.00,3600
515025,26.20,50.00,3565
520025,26.20,50.00,3568
525025,26.20,50.00,3562
530025,26.20,50.00,3507
535025,26.20,50.00,3563
540025,26.20,50.00,3563
545025,26.20,50.00,3558
550025,26.20,50.00,3568
555025,26.20,50.00,3565
560025,26.20,50.00,3557
565025,26.20,50.00,3556
570025,26.20,50.00,3558
575025,26.20,50.00,3552
580025,26.20,50.00,3568
585025,26.20,50.00,3568
590025,26.20,50.00,3569
595025,26.20,50.00,3567
600025,26.20,50.00,3568
605025,26.20,50.00,3570
610025,26.20,50.00,3567
615025,26.20,50.00,3557
620025,26.20,50.00,3559
625025,26.20,50.00,3552
630025,26.20,50.00,3551
635025,26.20,50.00,3552
640025,26.20,50.00,3552
645025,26.20,50.00,3555
650025,26.20,50.00,3562
655025,26.20,50.00,3558
660025,26.20,50.00,3554
665025,26.20,50.00,3552
670025,26.20,50.00,3555
675025,26.20,50.00,3551
680025,26.20,50.00,3553
685025,26.20,50.00,3551
690025,26.20,50.00,3549
695025,26.20,50.00,3546
700025,26.20,50.00,3553
705025,26.20,50.00,3558
710025,26.20,50.00,3549
715025,26.20,50.00,3545
720025,26.20,50.00,3543
725025,26.20,50.00,3546
730025,26.20,50.00,3544
735025,26.20,50.00,3537
740025,26.20,50.00,3547
745025,26.20,50.00,3550
750025,26.20,50.00,3550
755025,26.20,50.00,3542
760025,26.20,50.00,3548
765025,26.20,50.00,3551
770025,26.20,50.00,3551
775025,26.20,50.00,3555
780025,26.20,50.00,3547
785025,26.20,50.00,3558
790025,26.20,50.00,3558
795025,26.20,50.00,3552
800025,26.20,50.00,3551
805025,26.20,50.00,3555
810025,26.20,50.00,3546
815025,26.20,50.00,3538
820025,26.20,50.00,3552
825025,26.20,50.00,3551
830025,26.20,50.00,3553
835025,26.20,49.00,3541
840025,26.20,49.00,3537
845025,26.20,49.00,3539
850025,26.20,49.00,3536
855025,26.20,49.00,3550
860025,26.20,49.00,3548
865025,26.20,49.00,3543
870025,26.20,49.00,3536
875025,26.20,49.00,3536
880025,26.20,49.00,3545
885025,26.20,49.00,3536
890025,26.20,49.00,3523
895025,26.20,49.00,3537
900025,26.20,49.00,3558
905025,26.20,49.00,3573
910025,26.20,49.00,3567
915025,26.20,49.00,3569
920025,26.20,49.00,3573
925025,26.20,49.00,3567
930025,26.20,49.00,3560
935025,26.20,49.00,3567
940025,26.20,49.00,3568
945025,26.20,49.00,3566
950025,26.20,49.00,3566
955025,26.20,49.00,3525
960025,26.20,49.00,3535
965025,26.20,49.00,3526
970025,26.20,49.00,3526
975025,26.20,49.00,3539
980025,26.20,49.00,3533
985025,26.20,49.00,3534
990025,26.20,49.00,3531
995025,26.20,49.00,3538
1000025,26.20,49.00,3525
1005025,26.20,49.00,3530
1010025,26.20,49.00,3531
1015025,26.20,49.00,3536
1020025,26.20,49.00,3536
1025025,26.20,49.00,3532
1030025,26.20,49.00,3535
1035025,26.20,49.00,3536
1040025,26.20,49.00,3536
1045025,26.20,49.00,3549
1050025,26.20,49.00,3555
1055025,26.20,49.00,3554
1060025,26.20,49.00,3568
1065025,26.20,49.00,3568
1070025,26.20,49.00,3568
1075025,26.20,49.00,3579
1080025,26.20,49.00,3583
1085025,26.20,49.00,3583
1090025,26.20,49.00,3606
1095025,26.20,49.00,3603
1100025,26.20,49.00,3613
1105025,26.20,49.00,3597
1110025,26.20,49.00,3573
1115025,26.20,49.00,3565
1120025,26.20,49.00,3559
1125025,26.20,49.00,3550
1130025,26.20,49.00,3558
1135025,26.20,49.00,3558
1140025,26.20,49.00,3559
1145025,26.20,49.00,3559
1150025,26.20,49.00,3557
1155025,26.20,49.00,3559
1160025,26.20,49.00,3559
1165025,26.20,49.00,3559
1170025,26.20,49.00,3539
1175025,26.20,49.00,3558
1180025,26.20,49.00,3542
1185025,26.20,49.00,3543
1190025,26.20,49.00,3558
1195025,26.20,49.00,3563
1200025,26.20,49.00,3567
1205025,26.20,49.00,3530
1210025,26.20,49.00,3529
1215025,26.20,49.00,3546
1220025,26.20,49.00,3530
1225025,26.20,49.00,3538
1230025,26.20,49.00,3536
1235025,26.20,49.00,3535
1240025,26.20,49.00,3525
1245025,26.20,49.00,3529
1250025,26.20,49.00,3521
1255025,26.20,49.00,3520
1260025,26.20,49.00,3508
1265025,26.20,49.00,3513
1270025,26.20,49.00,3513
1275025,26.20,49.00,3513
1280025,26.20,49.00,3520
1285025,26.20,49.00,3529
1290025,26.20,49.00,3527
1295025,26.20,49.00,3528
1300025,26.20,49.00,3537
1305025,26.20,49.00,3525
1310025,26.20,49.00,3534
1315025,26.20,49.00,3531
1320025,26.20,49.00,3519
1325025,26.20,49.00,3515
1330025,26.20,49.00,3515
1335025,26.20,49.00,3511
1340025,26.20,49.00,3507
1345025,26.20,49.00,3505
1350025,26.20,49.00,3505
1355025,26.20,49.00,3509
1360025,26.20,49.00,3520
1365025,26.20,49.00,3504
1370025,26.20,49.00,3519
1375025,26.20,49.00,3499
1380025,26.20,49.00,3507
1385025,26.20,49.00,3511
1390025,26.20,49.00,3502
1395025,26.20,49.00,3489
1400025,26.20,49.00,3493
1405025,26.20,49.00,3503
1410025,26.20,49.00,3503
1415025,26.20,49.00,3506
1420025,26.20,49.00,3518
1425025,26.20,49.00,3505
1430025,26.20,49.00,3507
1435025,26.20,49.00,3503
1440025,26.20,49.00,3505
1445025,26.20,49.00,3505
1450025,26.20,49.00,3495
1455025,26.20,49.00,3494
1460025,26.20,49.00,3499
1465025,26.20,49.00,3508
1470025,26.20,49.00,3506
1475025,26.20,50.00,3519
1480025,26.20,50.00,3507
1485025,26.20,50.00,3527
1490025,26.20,50.00,3525
1495025,26.20,50.00,3536
1500025,26.20,50.00,3538
1505025,26.20,50.00,3539
1510025,26.20,50.00,3550
1515025,26.20,50.00,3553
1520025,26.20,50.00,3566
1525025,26.20,50.00,3571
1530025,26.20,50.00,3583
1535025,26.20,50.00,3583
1540025,26.20,50.00,3583
1545025,26.20,50.00,3583
1550025,26.20,50.00,3583
1555025,26.20,50.00,3583
1560025,26.20,50.00,3583
1565025,26.20,50.00,3581
1570025,26.20,50.00,3583
1575025,26.20,50.00,3604
1580025,26.20,50.00,3603
1585025,26.20,50.00,3610
1590025,26.20,50.00,3602
1595025,26.20,50.00,3583
1600025,26.20,50.00,3607
1605025,26.20,50.00,3583
1610025,26.20,50.00,3583
1615025,26.20,50.00,3583
1620025,26.20,50.00,3583
1625025,26.20,50.00,3583
1630025,26.20,50.00,3600
1635025,26.20,50.00,3582
1640025,26.20,50.00,3575
1645025,26.20,50.00,3571
1650025,26.20,50.00,3571
1655025,26.20,50.00,3573
1660025,26.20,50.00,3538
1665025,26.20,50.00,3522
1670025,26.20,50.00,3533
1675025,26.20,50.00,3545
1680025,26.20,50.00,3553
1685025,26.20,50.00,3539
1690025,26.20,50.00,3545
1695025,26.20,50.00,3555
1700025,26.20,50.00,3558
1705025,26.20,50.00,3577
1710025,26.20,50.00,3583
1715025,26.20,50.00,3557
1720025,26.20,50.00,3511
1725025,26.20,50.00,3495
1730025,26.20,50.00,3495
1735025,26.20,50.00,3490
1740025,26.20,51.00,3499
1745025,26.20,51.00,3487
1750025,26.20,51.00,3489
1755025,26.20,51.00,3474
1760025,26.20,51.00,3478
1765025,26.20,51.00,3477
1770025,26.20,51.00,3461
1775025,26.20,51.00,3472
1780025,26.20,51.00,3486
1785025,26.20,51.00,3470
1790025,26.20,51.00,3472
1795025,26.20,51.00,3471
1800025,26.20,51.00,3471
1805025,26.20,51.00,3467
1810025,26.20,51.00,3469
1815025,26.20,51.00,3472
1820025,26.20,51.00,3472
1825025,26.20,51.00,3473
1830025,26.20,51.00,3462
1835025,26.20,51.00,3463
1840025,26.20,51.00,3475
1845025,26.20,51.00,3466
1850025,26.20,51.00,3470
1855025,26.20,51.00,3465
1860025,26.20,51.00,3471
1865025,26.20,51.00,3473
1870025,26.20,51.00,3475
1875025,26.20,51.00,3482
1880025,26.20,51.00,3483
1885025,26.20,51.00,3481
1890025,26.20,51.00,3487
1895025,26.20,51.00,3506
1900025,26.20,51.00,3495
1905025,26.20,51.00,3520
1910025,26.20,51.00,3520
1915025,26.20,51.00,3519
1920025,26.20,51.00,3523
1925025,26.20,51.00,3513
1930025,26.20,51.00,3520
1935025,26.20,51.00,3520
1940025,26.20,51.00,3521
1945025,26.20,51.00,3854
1950025,26.20,51.00,3841
1955025,26.20,52.00,3834
1960025,26.20,53.00,3825
1965025,26.20,53.00,3828
1970025,26.20,53.00,3507
1975025,26.20,53.00,3504
1980025,26.20,52.00,3501
1985025,26.20,52.00,3507
1990025,26.20,52.00,3503
1995025,26.20,52.00,3509
2000025,26.20,51.00,3511
2005000,26.20,51.00,3498
2010000,26.20,51.00,3493
2015000,26.20,51.00,3504
2020000,26.20,51.00,3504
2025000,26.20,51.00,3506
2030000,26.20,51.00,3504
2035000,26.20,51.00,3513
2040000,26.20,51.00,3515
2045000,26.20,51.00,3522
2050000,26.20,51.00,3520
2055000,26.20,51.00,3534
2060001,26.20,51.00,3536
2065000,26.20,51.00,3520
2070000,26.20,51.00,3511
2075000,26.20,51.00,3529
2080000,26.20,51.00,3530
2085000,26.20,51.00,3524
2090000,26.20,51.00,3521
2095000,26.20,51.00,3526
2100000,26.20,51.00,3524
2105000,26.20,51.00,3524
2110000,26.20,51.00,3525
2115000,26.20,51.00,3526
2120000,26.20,51.00,3523
2125000,26.20,51.00,3536
2130000,26.20,51.00,3538
2135000,26.20,51.00,3536
2140000,26.20,51.00,3526
2145000,26.20,51.00,3531
2150000,26.20,51.00,3529
2155000,26.20,51.00,3525
2160000,26.20,51.00,3536
2165025,26.20,51.00,3539
2170025,26.20,51.00,3536
2175025,26.20,51.00,3533
2180025,26.20,51.00,3533
2185025,26.20,51.00,3534
2190001,26.20,51.00,3535
2195000,26.20,51.00,3541
2200000,26.20,51.00,3539
2205000,26.20,51.00,3543
2210000,26.20,51.00,3544
2215025,26.20,51.00,3536
2220025,26.20,51.00,3524
2225025,26.20,51.00,3536
2230000,26.20,51.00,3535
2235000,26.20,51.00,3536
2240000,26.20,51.00,3552
2245000,26.20,51.00,3543
2250000,26.20,51.00,3558
2255000,26.20,51.00,3558
2260000,26.20,51.00,3555
2265000,26.20,51.00,3948
2270000,26.20,51.00,3887
2275000,26.20,52.00,3698
2280000,26.20,52.00,3581
2285000,26.20,52.00,3577
2290000,26.20,52.00,3569
2295000,26.20,51.00,3568
2300000,26.20,51.00,3557
2305000,26.20,51.00,3562
2310000,26.20,51.00,3549
2315000,26.20,51.00,3567
2320000,26.20,51.00,3561
2325000,26.20,51.00,3568
2330000,26.20,51.00,3563
2335000,26.20,51.00,3569
2340000,26.20,51.00,3566
2345001,26.20,51.00,3569
2350000,26.20,51.00,3568
2355000,26.20,51.00,3563
2360001,26.20,51.00,3559
2365025,26.20,51.00,3557
2370025,26.20,51.00,3579
2375025,26.20,51.00,3559
2380025,26.20,51.00,3567
2385025,26.20,51.00,3568
2390025,26.20,51.00,3568
2395025,26.20,51.00,3563
2400025,26.20,51.00,3566
2405025,26.20,51.00,3577
2410025,26.20,51.00,3559
2415025,26.20,51.00,3559
2420025,26.20,51.00,3563
2425025,26.20,51.00,3561
2430025,26.20,51.00,3574
2435025,26.20,51.00,3570
2440025,26.20,51.00,3573
2445025,26.20,51.00,3570
2450025,26.20,51.00,3568
2455025,26.20,51.00,3571
2460025,26.20,51.00,3563
2465025,26.20,51.00,3569
2470025,26.20,51.00,3559
2475025,26.20,51.00,3583
2480025,26.20,51.00,3583
2485025,26.20,51.00,3581
2490025,26.20,51.00,3574
2495025,26.20,51.00,3583
2500025,26.20,51.00,3583
2505025,26.20,51.00,3600
2510025,26.20,51.00,3598
2515025,26.20,51.00,3583
2520025,26.20,51.00,3598
2525025,26.20,51.00,3600
2530025,26.20,51.00,3583
2535025,26.20,51.00,3574
2540025,26.20,51.00,3597
2545025,26.20,51.00,3578
2550025,26.20,51.00,3569
2555025,26.20,51.00,3583
2560025,26.20,51.00,3600
2565025,26.20,51.00,3600
2570025,26.20,51.00,3602
2575025,26.20,51.00,3614
2580025,26.20,51.00,3600
2585000,26.20,51.00,3602
2590025,26.20,51.00,3600
2595025,26.20,51.00,3583
2600025,26.20,51.00,3579
2605025,26.20,51.00,3583
2610025,26.20,51.00,3605
2615025,26.20,51.00,3603
2620025,26.20,51.00,3599
2625025,26.20,51.00,3619
2630025,26.20,51.00,3600
2635025,26.20,51.00,3601
2640025,26.20,51.00,3600
2645025,26.20,51.00,3605
2650025,26.20,51.00,3603
2655025,26.20,51.00,3610
2660025,26.20,51.00,3583
2665025,26.20,51.00,3600
2670025,26.20,51.00,3600
2675025,26.20,51.00,3607
2680025,26.20,51.00,3605
2685025,26.20,51.00,3603
2690025,26.20,51.00,3611
2695025,26.20,51.00,3601
2700025,26.20,51.00,3607
2705025,26.20,51.00,3606
2710025,26.20,51.00,3613
2715025,26.20,51.00,3612
2720025,26.20,51.00,3602
2725025,26.20,51.00,3597
2730025,26.20,51.00,3611
2735025,26.20,51.00,3605
2740025,26.20,51.00,3607
2745025,26.20,51.00,3603
2750025,26.20,51.00,3600
2755025,26.20,51.00,3609
2760025,26.20,51.00,3605
2765025,26.20,51.00,3611
2770025,26.20,51.00,3617
2775025,26.20,51.00,3611
2780025,26.20,51.00,3615
2785025,26.20,51.00,3621
2790025,26.20,51.00,3614
2795025,26.20,51.00,3632
2800025,26.20,51.00,3631
2805025,26.20,51.00,3630
2810025,26.20,52.00,3609
2815025,26.20,52.00,3631
2820025,26.20,51.00,3627
2825025,26.20,51.00,3626
2830025,26.20,52.00,3612
2835025,26.20,52.00,3617
2840025,26.20,52.00,3620
2845025,26.20,52.00,3607
2850025,26.20,52.00,3616
2855025,26.20,52.00,3623
2860025,26.20,52.00,3617
2865025,26.20,52.00,3613
2870025,26.20,52.00,3621
2875025,26.20,52.00,3615
2880025,26.20,51.00,3606
2885025,26.20,51.00,3599
2890025,26.20,51.00,3607
2895025,26.20,51.00,3609
2900025,26.20,51.00,3599
2905025,26.20,51.00,3598
2910025,26.20,51.00,3603
2915025,26.20,51.00,3599
2920025,26.20,51.00,3583
2925025,26.20,51.00,3600
2930025,26.20,51.00,3600
2935025,26.20,51.00,3603
2940025,26.20,51.00,3583
2945000,26.20,51.00,3583
2950000,26.20,51.00,3573
2955000,26.20,51.00,3600
2960025,26.20,51.00,3601
2965025,26.20,51.00,3599
2970025,26.20,51.00,3606
2975025,26.20,51.00,3611
2980025,26.20,51.00,3615
2985025,26.20,51.00,3621
2990025,26.20,51.00,3615
2995025,26.20,51.00,3615
3000025,26.20,52.00,3619
3005025,26.20,52.00,3616
3010025,26.20,52.00,3619
3015025,26.20,52.00,3617
3020025,26.20,52.00,3607
3025025,26.20,52.00,3603
3030025,26.20,52.00,3655
3035025,26.20,52.00,3598
3040025,26.20,52.00,3601
3045025,26.20,52.00,3615
3050025,26.20,52.00,3619
3055025,26.20,52.00,3615
3060025,26.20,52.00,3606
3065025,26.20,52.00,3616
3070025,26.20,52.00,3607
3075025,26.20,52.00,3613
3080025,26.20,52.00,3612
3085025,26.20,52.00,3603
3090025,26.20,52.00,3622
3095025,26.20,52.00,3605
3100025,26.20,52.00,3618
3105025,26.20,52.00,3607
3110025,26.20,52.00,3611
3115025,26.20,52.00,3600
3120025,26.20,52.00,3606
3125025,26.20,52.00,3610
3130025,26.20,52.00,3618
3135025,26.20,52.00,3635
3140025,26.20,52.00,3619
3145025,26.20,52.00,3613
3150025,26.20,52.00,3626
3155025,26.20,52.00,3622
3160025,26.20,52.00,3627
3165025,26.20,52.00,3627
3170025,26.20,52.00,3615
3175025,26.20,52.00,3615
3180025,26.20,52.00,3613
3185025,26.20,52.00,3615
3190025,26.20,52.00,3611
3195025,26.20,52.00,3606
3200025,26.20,52.00,3611
3205025,26.20,52.00,3610
3210025,26.20,52.00,3629
3215025,26.20,52.00,3635
3220025,26.20,52.00,3616
3225025,26.20,52.00,3615
3230025,26.20,52.00,3615
3235025,26.20,52.00,3623
3240025,26.20,52.00,3619
3245025,26.20,52.00,3625
3250025,26.20,52.00,3628
3255025,26.20,52.00,3634
3260025,26.20,52.00,3632
3265025,26.20,52.00,3618
3270025,26.20,52.00,3629
3275025,26.20,52.00,3627
3280025,26.20,52.00,3632
3285025,26.20,52.00,3626
3290025,26.20,52.00,3627
3295025,26.20,52.00,3621
3300025,26.20,52.00,3629
3305025,26.20,52.00,3623
3310025,26.20,52.00,3630
3315025,26.20,52.00,3626
3320025,26.20,52.00,3623
3325025,26.20,52.00,3625
3330025,26.20,52.00,3622
3335025,26.20,52.00,3632
3340025,26.20,52.00,3633
3345025,26.20,52.00,3637
3350025,26.20,52.00,3632
3355025,26.20,52.00,3620
3360025,26.20,52.00,3621
3365025,26.20,52.00,3619
3370025,26.20,52.00,3629
3375025,26.20,52.00,3671
3380025,26.20,52.00,3631
3385025,26.20,52.00,3624
3390025,26.20,52.00,3630
3395025,26.20,52.00,3643
3400025,26.20,52.00,3648
3405025,26.20,52.00,3655
3410025,26.20,52.00,3650
3415025,26.20,52.00,3658
3420025,26.20,52.00,3659
3425025,26.20,52.00,3659
3430025,26.20,52.00,3660
3435025,26.20,52.00,3632
3440025,26.20,52.00,3631
3445025,26.20,52.00,3632
3450025,26.20,52.00,3637
3455025,26.20,52.00,3632
3460025,26.20,52.00,3678
3465025,26.20,52.00,3663
3470025,26.20,52.00,3654
3475025,26.20,52.00,3666
3480025,26.20,52.00,3677
3485025,26.20,52.00,3681
3490025,26.20,52.00,3697
3495025,26.20,52.00,3699
3500025,26.20,52.00,3694
3505025,26.20,52.00,3696
3510025,26.20,52.00,3708
3515025,26.20,52.00,3696
3520025,26.20,52.00,3704
3525025,26.20,52.00,3699
3530025,26.20,52.00,3672
3535025,26.20,52.00,3680
3540025,26.20,52.00,3665
3545025,26.20,52.00,3671
3550025,26.20,52.00,3664
3555025,26.20,52.00,3649
3560025,26.20,52.00,3656
3565025,26.20,52.00,3650
3570025,26.20,52.00,3663
3575025,26.20,52.00,3667
3580025,26.20,52.00,3671
3585025,26.20,52.00,3675
3590025,26.20,52.00,3663
3595025,26.20,52.00,3666
3600025,26.20,52.00,3669
3605025,26.20,52.00,3669
3610025,26.20,52.00,3678
3615025,26.20,52.00,3664
3620025,26.20,52.00,3673
3625025,26.20,52.00,3668
3630025,26.20,52.00,3669
3635025,26.20,52.00,3663
3640025,26.20,52.00,3658
3645025,26.20,52.00,3642
3650025,26.20,52.00,3621
3655025,26.20,52.00,3607
3660025,26.20,52.00,3600
3665025,26.20,52.00,3600
3670025,26.20,52.00,3598
3675025,26.20,52.00,3598
3680025,26.20,52.00,3583
3685025,26.20,52.00,3583
3690025,26.20,52.00,3583
3695025,26.20,52.00,3583
3700025,26.20,52.00,3600
3705025,26.20,52.00,3583
3710025,26.20,52.00,3621
3715025,26.20,52.00,3627
3720025,26.20,52.00,3625
3725025,26.20,52.00,3631
3730025,26.20,52.00,3632
3735025,26.20,52.00,3633
3740025,26.20,52.00,3634
3745025,26.20,52.00,3635
3750025,26.20,52.00,3602
3755025,26.20,52.00,3583
3760025,25.90,52.00,3583
3765025,25.80,52.00,3600
3770025,25.80,52.00,3583
3775025,26.00,52.00,3583
3780025,26.20,52.00,3583
3785025,26.20,52.00,3583
3790025,26.20,52.00,3606
3795025,26.20,52.00,3608
3800025,26.20,51.00,3601
3805025,26.20,51.00,3606
3810025,26.20,51.00,3597
3815025,26.20,51.00,3583
3820024,26.20,51.00,3583
3825025,26.20,51.00,3583
3830025,26.20,51.00,3600
3835025,26.20,51.00,3579
3840025,26.20,51.00,3583
3845025,26.20,51.00,3583
3850025,26.20,51.00,3606
3855025,25.80,51.00,3606
3860025,25.80,51.00,3617
3865025,25.80,51.00,3611
3870025,25.80,51.00,3617
3875025,25.80,51.00,3625
3880025,25.80,51.00,3583
3885025,25.80,51.00,3583
3890025,25.80,51.00,3599
3895025,25.80,51.00,3583
3900025,25.80,51.00,3575
3905025,25.80,51.00,3583
3910025,25.80,51.00,3583
3915025,25.80,51.00,3583
3920025,25.80,51.00,3583
3925025,25.80,51.00,3581
3930025,25.80,51.00,3580
3935025,25.80,51.00,3583
3940025,25.80,51.00,3583
3945025,25.80,51.00,3583
3950025,25.80,51.00,3600
3955025,25.80,51.00,3600
3960025,25.80,51.00,3578
3965025,25.80,51.00,3582
3970025,25.80,51.00,3581
3975025,25.80,51.00,3583
3980025,25.80,51.00,3583
3985025,25.80,51.00,3579
3990025,25.80,51.00,3568
3995025,25.80,51.00,3598
4000025,25.80,51.00,3583
4005025,25.80,51.00,3583
4010025,25.80,51.00,3583
4015025,25.80,51.00,3600
4020025,25.80,51.00,3598
4025025,25.80,51.00,3600
4030025,25.80,51.00,3611
4035025,25.80,51.00,3605
4040025,25.80,51.00,3602
4045025,25.80,51.00,3602
4050025,25.80,51.00,3599
4055025,25.80,51.00,3607
4060025,25.80,51.00,3635
4065025,25.80,51.00,3617
4070025,25.80,51.00,3601
4075025,25.80,51.00,3600
4080025,25.80,51.00,3600
4085025,25.80,51.00,3601
4090025,25.80,51.00,3611
4095025,25.80,51.00,3610
4100025,25.80,51.00,3610
4105025,25.80,51.00,3605
4110025,25.80,51.00,3611
4115025,25.80,51.00,3600
4120025,25.80,51.00,3606
4125025,25.80,51.00,3603
4130025,25.80,51.00,3613
4135025,25.80,51.00,3652
4140025,25.80,51.00,3663
4145025,25.80,51.00,3664
4150025,25.80,51.00,3660
4155025,25.80,51.00,3661
4160025,25.80,51.00,3665
4165025,25.80,51.00,3666
4170025,25.80,51.00,3664
4175025,25.80,51.00,3666
4180025,25.80,51.00,3662
4185025,25.80,51.00,3661
4190025,25.80,51.00,3662
4195025,25.80,51.00,3671
4200025,25.80,51.00,3677
4205025,25.80,51.00,3683
4210025,25.80,51.00,3671
4215025,25.80,51.00,3666
4220025,25.80,51.00,3661
4225025,25.80,51.00,3664
4230025,25.80,51.00,3668
4235025,25.80,51.00,3664
4240025,25.80,51.00,3664
4245025,25.80,51.00,3658
4250001,25.80,50.00,3632
4255000,25.80,50.00,3642
4260000,25.80,50.00,3632
4265000,25.80,50.00,3637
4270025,25.80,50.00,3673
4275025,25.80,50.00,3655
4280025,25.80,50.00,3651
4285025,25.80,50.00,3632
4290000,25.80,50.00,3632
4295000,25.80,50.00,3664
4300000,25.80,50.00,3666
4305000,25.80,50.00,3667
4310000,25.80,50.00,3629
4315000,25.80,50.00,3635
4320000,25.80,50.00,3643
4325000,25.80,50.00,3632
4330000,25.80,50.00,3648
4335000,25.80,50.00,3633
4340000,25.80,50.00,3645
4345000,25.80,50.00,3638
4350000,25.80,50.00,3648
4355000,25.80,50.00,3651
4360000,25.80,50.00,3643
4365000,25.80,50.00,3648
4370025,25.80,50.00,3690
4375025,25.80,50.00,3650
4380025,25.80,50.00,3656
4385025,25.80,50.00,3651
4390025,25.80,50.00,3649
4395025,25.80,50.00,3647
4400025,25.80,50.00,3634
4405025,25.80,50.00,3648
4410025,25.80,50.00,3957
4415025,25.80,50.00,3645
4420025,25.80,51.00,3651
4425025,25.80,51.00,3664
4430025,25.80,51.00,3649
4435025,25.80,51.00,3651
4440025,25.80,51.00,3633
4445025,25.80,50.00,3653
4450025,25.80,50.00,3648
4455025,25.80,50.00,3644
4460025,25.80,50.00,3648
4465025,25.80,50.00,3648
4470025,25.80,50.00,3661
4475025,25.80,50.00,3648
4480025,25.80,50.00,3654
4485025,25.80,50.00,3662
4490025,25.80,50.00,3669
4495025,25.80,50.00,3665
4500025,25.80,50.00,3666
4505025,25.80,50.00,3655
4510025,25.80,50.00,3662
4515025,25.80,50.00,3662
4520025,25.80,50.00,3664
4525025,25.80,50.00,3689
4530025,25.80,50.00,3675
4535025,25.80,50.00,3677
4540025,25.80,50.00,3682
4545025,25.80,50.00,3679
4550025,25.80,50.00,3665
4555025,25.80,50.00,3666
4560025,25.80,50.00,3662
4565025,25.80,50.00,3661
4570025,25.80,50.00,3688
4575025,25.80,50.00,3678
4580025,25.80,50.00,3695
4585025,25.80,50.00,3707
4590025,25.80,50.00,3698
4595025,25.80,50.00,3698
4600025,25.80,50.00,3677
4605025,25.80,50.00,3670
4610025,25.80,50.00,3690
4615025,25.80,50.00,3683
4620025,25.80,50.00,3691
4625025,25.80,50.00,3681
4630025,25.80,50.00,3684
4635025,25.80,50.00,3695
4640025,25.80,50.00,3687
4645025,25.80,50.00,3691
4650025,25.80,50.00,3696
4655025,25.80,50.00,3720
4660025,25.80,50.00,3723
4665025,25.80,50.00,3726
4670025,25.80,50.00,3738
4675025,25.80,50.00,3728
4680025,25.80,50.00,3733
4685025,25.80,50.00,3735
4690025,25.80,50.00,3723
4695025,25.80,50.00,3717
4700025,25.80,50.00,3714
4705025,25.80,50.00,3729
4710025,25.80,50.00,3729
4715025,25.80,50.00,3734
4720025,25.80,50.00,3735
4725025,25.80,50.00,3726
4730025,25.80,50.00,3721
4735025,25.80,50.00,3723
4740025,25.80,50.00,3689
4745025,25.80,50.00,3689
4750025,25.80,50.00,3678
4755025,25.80,50.00,3685
4760025,25.80,50.00,3681
4765025,25.80,50.00,3681
4770025,25.80,50.00,3671
4775025,25.80,50.00,3684
4780025,25.80,50.00,3679
4785025,25.80,50.00,3682
4790025,25.80,50.00,3696
4795025,25.80,50.00,3705
4800025,25.80,50.00,3696
4805025,25.80,50.00,3696
4810025,25.80,50.00,3691
4815025,25.80,50.00,3696
4820025,25.80,50.00,3692
4825025,25.80,50.00,3675
4830025,25.80,50.00,3678
4835025,25.80,50.00,3694
4840025,25.80,50.00,3683
4845025,25.80,50.00,3684
4850025,25.80,50.00,3698
4855025,25.80,50.00,3696
4860025,25.80,50.00,3696
4865025,25.80,50.00,3691
4870025,25.80,50.00,3694
4875025,25.80,50.00,3679
4880025,25.80,50.00,3676
4885025,25.80,50.00,3678
4890025,25.80,50.00,3670
4895025,25.80,50.00,3681
4900025,25.80,50.00,3678
4905025,25.80,50.00,3681
4910025,25.80,50.00,3691
4915025,25.80,50.00,3700
4920025,25.80,50.00,3696
4925025,25.80,50.00,3721
4930025,25.80,50.00,3722
4935025,25.80,50.00,3731
5026,26.20,69.00,2004
10025,26.20,69.00,2045
15025,26.20,69.00,2047
20025,26.20,69.00,2045
25000,26.20,69.00,2045
30000,26.20,69.00,2035
35000,26.20,69.00,2046
40000,26.20,69.00,2036
45000,25.80,69.00,2044
50000,25.80,69.00,2046
55025,25.80,69.00,2047
60025,25.80,69.00,2039
65025,25.80,69.00,2042
70025,25.80,69.00,2042
75025,25.80,69.00,2038
80025,25.80,69.00,2042
5026,25.80,69.00,1778
10025,25.80,69.00,1968
15025,25.80,69.00,1959
20025,25.80,69.00,1969
25025,25.80,69.00,1965
30025,25.80,69.00,1967
35025,25.80,69.00,1963
40025,25.80,69.00,1971
45025,25.80,69.00,1970
50025,25.80,69.00,1967
55025,25.80,69.00,1966
60025,25.80,69.00,1962
65025,25.80,69.00,1968
70025,25.80,69.00,1956
75025,25.80,69.00,1968
80025,25.80,69.00,1965
85025,25.80,69.00,1968
90025,25.80,69.00,1959
95025,25.80,69.00,1968
100025,25.80,69.00,1963
105025,25.80,69.00,1966
110025,25.80,69.00,1959
115025,25.80,69.00,1968
120025,25.80,69.00,1958
125025,25.80,69.00,1968
130025,25.80,69.00,1959
135025,25.80,69.00,1967
140025,25.80,69.00,1968
145025,25.80,69.00,1966
150025,25.80,69.00,1967
155025,25.80,68.00,1967
160025,25.80,68.00,1963
165025,25.80,68.00,1969
170000,25.80,68.00,1972
175000,25.80,68.00,1959
180000,25.80,68.00,1970
185000,25.80,68.00,1967
190000,25.80,68.00,1967
195025,25.80,68.00,1963
200000,25.80,68.00,1959
205000,25.80,68.00,1969
210000,25.80,68.00,1967
215025,25.80,68.00,1968
220025,25.80,68.00,1968
225025,25.80,68.00,1967
230000,25.80,68.00,1968
235000,25.80,68.00,1968
240000,25.80,68.00,1967
245000,25.80,68.00,1970
250000,25.80,68.00,1978
255000,25.80,68.00,1978
260000,25.80,68.00,1972
265000,25.80,68.00,1967
270000,25.80,68.00,1968
275000,25.80,68.00,1966
280000,25.80,68.00,1941
285000,25.80,67.00,1719
290000,25.80,67.00,1712
295000,25.80,68.00,1712
300000,25.80,68.00,1712
305000,25.80,67.00,1712
310000,25.80,67.00,1709
315000,25.80,67.00,1712
320000,25.80,67.00,1709
5026,25.80,59.00,3350
10025,25.80,59.00,3325
15025,25.80,59.00,3328
20025,25.80,59.00,3327
25025,25.80,59.00,3322
30025,25.80,59.00,3315
35025,25.80,59.00,3319
40025,25.80,59.00,3315
45025,25.80,59.00,3315
50025,25.80,59.00,3315
55025,25.80,59.00,3322
60025,25.80,59.00,3323
65025,25.80,59.00,3312
70025,25.80,59.00,3319
75026,25.30,59.00,3313
80026,25.30,59.00,3300
85026,25.30,59.00,3311
90026,25.30,59.00,3299
95026,25.30,59.00,3311
100026,25.30,59.00,3312
105026,25.30,59.00,3314
110026,25.30,59.00,3312
115026,25.30,59.00,3312
120026,25.30,59.00,3306
125026,25.30,59.00,3308
130026,25.30,59.00,3306
135026,25.30,59.00,3305
140026,25.30,59.00,3302
145026,25.30,59.00,3303
150026,25.30,59.00,3297
155026,25.30,59.00,3303
160026,25.30,59.00,3300
165026,25.30,59.00,3303
170000,25.30,59.00,3309
175026,25.30,59.00,3312
180026,25.30,59.00,3312
185026,25.30,59.00,3303
190026,25.30,59.00,3303
195026,25.30,59.00,3312
200026,25.30,59.00,3298
205026,25.30,59.00,3296
210026,25.30,59.00,3302
215026,25.30,59.00,3295
220026,25.30,59.00,3306
225026,25.30,59.00,3301
230026,25.30,59.00,3303
235026,25.30,59.00,3305
240026,25.30,59.00,3305
245000,25.30,59.00,3312
250026,25.30,59.00,3280
255026,25.30,59.00,3314
260026,25.30,59.00,3306
265026,25.30,59.00,3311
270026,25.30,59.00,3307
275026,25.30,59.00,3311
280026,25.30,59.00,3248
285026,25.30,59.00,3311
290026,25.30,59.00,3315
295026,25.30,59.00,3312
300026,25.30,59.00,3312
305026,25.30,59.00,3313
310026,25.30,59.00,3306
315026,25.30,59.00,3297
320026,25.30,59.00,3318
325026,25.30,59.00,3299
330026,25.30,59.00,3311
335026,25.30,59.00,3312
340026,25.30,59.00,3303
345026,25.30,59.00,3309
350026,25.30,59.00,3312
355026,25.30,59.00,3313
360026,25.30,59.00,3300
365026,25.30,59.00,3311
370026,25.30,59.00,3317
375026,25.30,59.00,3317
380026,25.30,59.00,3316
385026,25.30,59.00,3309
390026,25.30,59.00,3327
395026,25.30,59.00,3323
400026,25.30,59.00,3330
405026,25.30,59.00,3328
410026,25.30,59.00,3342
415025,25.30,58.00,3340
420025,25.30,58.00,3328
425025,25.30,58.00,3104
430025,25.30,58.00,3332
435025,25.30,58.00,3331
440025,25.30,58.00,3344
445025,25.30,58.00,3351
450025,25.30,58.00,3315
455025,25.30,58.00,3344
460025,25.30,58.00,3366
465025,25.30,58.00,3375
470025,25.30,58.00,3334
475025,25.30,58.00,3319
480025,25.30,58.00,3321
485025,25.30,58.00,3313
490025,25.30,58.00,3312
495025,25.30,58.00,3310
500025,25.30,58.00,3303
505025,25.30,58.00,3305
510025,25.30,58.00,3226
515025,25.30,58.00,3220
520025,25.30,58.00,3217
525025,25.70,58.00,3222
530025,25.80,58.00,3218
535025,25.80,58.00,3225
540025,25.80,58.00,3231
545025,25.80,58.00,3253
550025,25.80,58.00,3248
555025,25.80,58.00,3259
560025,25.80,58.00,3248
565025,25.80,58.00,3241
570025,25.80,58.00,3206
575025,25.80,58.00,3244
580025,25.80,58.00,3230
585025,25.80,58.00,3232
590025,25.80,58.00,3248
5026,25.80,56.00,3559
10025,25.80,56.00,3539
15025,25.80,56.00,3537
20025,25.80,56.00,3541
25025,25.80,56.00,3543
30025,25.80,56.00,3547
35025,25.80,56.00,3543
40025,25.80,56.00,3543
45025,25.80,56.00,3540
50025,25.40,56.00,3536
55025,25.30,56.00,3536
60025,25.30,56.00,3546
65025,25.30,55.00,3549
70025,25.30,55.00,3536
75025,25.30,55.00,3515
80025,25.30,55.00,3511
85025,25.30,55.00,3507
90025,25.30,55.00,3517
95025,25.30,55.00,3510
100025,25.30,55.00,3507
105025,25.30,55.00,3501
110026,25.30,55.00,3509
115025,25.30,55.00,3505
120025,25.30,55.00,3506
125025,25.30,55.00,3505
130025,25.30,55.00,3504
135025,25.30,55.00,3501
140025,25.30,55.00,3506
145025,25.30,55.00,3506
150025,25.30,55.00,3509
155025,25.30,55.00,3503
160025,25.30,55.00,3497
165000,25.30,55.00,3506
170025,25.30,55.00,3510
175025,25.30,55.00,3495
180025,25.30,55.00,3498
185025,25.30,55.00,3504
190025,25.30,55.00,3521
195025,25.30,55.00,3521
200025,25.30,55.00,3536
205025,25.30,55.00,3536
210025,25.30,55.00,3534
215025,25.30,55.00,3509
220025,25.30,55.00,3507
225025,25.30,55.00,3509
230025,25.30,55.00,3501
235025,25.30,55.00,3490
240025,25.30,55.00,3501
245025,25.30,55.00,3504
250025,25.30,55.00,3507
255025,25.30,55.00,3510
260025,25.30,55.00,3509
265025,25.30,55.00,3507
270025,25.30,55.00,3514
275025,25.30,55.00,3516
280025,25.30,55.00,3517
285025,25.30,55.00,3507
290025,25.30,55.00,3506
295025,25.30,55.00,3511
300025,25.30,55.00,3507
305025,25.30,55.00,3510
310025,25.30,55.00,3507
315025,25.30,55.00,3504
320025,25.30,55.00,3512
325025,25.30,55.00,3516
330025,25.30,55.00,3504
335025,25.30,55.00,3499
340025,25.30,55.00,3506
345025,25.30,55.00,3507
350025,25.30,55.00,3507
355025,25.30,55.00,3508
360025,25.30,55.00,3521
365025,25.40,55.00,3519
370025,25.60,55.00,3515
375026,25.70,55.00,3482
380025,25.80,55.00,3478
385025,25.80,54.00,3471
390025,25.80,54.00,3470
395025,25.80,54.00,3467
400025,25.80,54.00,3465
405025,25.80,54.00,3466
410025,25.80,54.00,3456
415025,25.80,54.00,3459
420025,25.80,54.00,3466
425025,25.80,54.00,3462
430025,25.80,54.00,3467
435025,25.80,54.00,3473
440025,25.80,54.00,3472
445025,25.80,54.00,3476
450025,25.80,54.00,3474
455025,25.80,54.00,3499
460025,25.80,54.00,3502
465025,25.80,54.00,3492
470025,25.80,54.00,3483
475025,25.80,54.00,3479
480025,25.80,54.00,3482
485025,25.80,54.00,3473
490025,25.80,54.00,3472
495025,25.80,54.00,3471
500025,25.80,54.00,3479
505025,25.80,54.00,3476
510025,25.80,54.00,3481
515025,25.80,54.00,3478
520025,25.80,54.00,3475
525025,25.80,54.00,3475
530025,25.80,54.00,3479
535025,25.80,54.00,3484
540025,25.80,54.00,3478
545025,25.80,54.00,3478
550025,25.80,54.00,3473
555025,25.80,54.00,3469
560025,25.80,54.00,3470
565025,25.80,54.00,3466
570025,25.80,54.00,3472
575025,25.80,54.00,3470
580025,25.80,54.00,3475
585025,25.80,54.00,3471
590025,25.80,54.00,3470
595025,25.80,54.00,3467
600025,25.80,54.00,3471
605025,25.80,54.00,3471
610025,25.80,54.00,3470
615025,25.80,54.00,3472
620025,25.80,54.00,3465
625025,25.80,54.00,3459
630025,25.80,54.00,3472
635025,25.80,54.00,3470
640025,25.80,54.00,3481
645025,25.80,54.00,3477
650025,25.80,54.00,3475
655025,25.80,54.00,3477
660025,25.80,54.00,3485
665025,25.80,54.00,3491
670025,25.80,54.00,3488
675025,25.80,54.00,3489
680025,25.80,54.00,3482
685025,25.80,54.00,3489
690025,25.80,54.00,3493
695025,25.80,54.00,3490
700025,25.80,54.00,3494
705025,25.80,54.00,3491
710025,25.80,54.00,3486
715025,25.80,54.00,3489
720025,25.80,54.00,3476
725025,25.80,54.00,3473
730025,25.80,54.00,3477
735025,25.80,54.00,3487
740025,25.80,54.00,3489
745025,25.80,54.00,3485
750025,25.80,54.00,3489
755025,25.80,54.00,3497
760025,25.80,54.00,3491
765025,25.80,54.00,3486
770025,25.80,54.00,3483
775025,25.80,54.00,3479
780025,25.80,54.00,3471
785025,25.80,53.00,3495
790025,25.80,53.00,3501
795025,25.80,53.00,3498
800025,25.80,53.00,3505
805025,25.80,53.00,3497
810025,25.80,53.00,3503
815025,25.80,53.00,3487
820025,25.80,53.00,3491
825000,25.80,53.00,3491
830000,25.80,53.00,3502
835001,25.80,53.00,3483
840000,25.80,53.00,3484
845000,25.80,53.00,3485
850000,25.80,53.00,3491
855000,25.80,53.00,3499
860000,25.80,53.00,3493
865000,25.80,53.00,3495
870000,25.80,53.00,3491
875000,25.80,53.00,3503
880000,25.80,53.00,3491
885000,25.80,53.00,3474
890000,25.80,53.00,3487
895000,25.80,53.00,3488
900000,25.80,53.00,3495
905000,25.80,53.00,3494
910000,25.80,53.00,3491
915000,25.80,53.00,3486
920000,25.80,53.00,3500
925000,25.80,53.00,3502
930000,25.80,53.00,3509
935000,25.80,53.00,3504
940000,25.80,53.00,3499
945000,25.80,53.00,3504
950000,25.80,53.00,3499
955000,25.80,53.00,3502
960000,25.80,53.00,3499
965000,25.80,53.00,3509
970000,25.80,53.00,3504
975000,25.80,53.00,3502
980000,25.80,53.00,3501
985025,25.80,53.00,3492
990000,25.80,53.00,3488
995000,25.80,53.00,3481
1000025,25.80,53.00,3488
1005025,25.80,53.00,3495
1010025,25.80,53.00,3500
1015025,25.80,53.00,3495
1020025,25.80,53.00,3489
1025025,25.80,53.00,3493
1030025,25.80,53.00,3503
1035025,25.80,53.00,3500
1040025,25.80,53.00,3499
1045025,25.80,53.00,3499
1050025,25.80,53.00,3503
1055025,25.80,53.00,3489
1060025,25.80,53.00,3489
1065025,25.80,53.00,3499
1070025,25.80,53.00,3497
1075025,25.80,53.00,3495
1080025,25.80,53.00,3490
1085025,25.80,53.00,3489
1090025,25.80,53.00,3487
1095025,25.80,53.00,3483
1100025,25.80,53.00,3485
1105025,25.80,53.00,3484
1110025,25.80,53.00,3481
1115025,25.80,53.00,3477
1120025,25.80,53.00,3480
1125025,25.80,53.00,3485
1130025,25.80,53.00,3485
1135025,25.80,53.00,3486
1140025,25.80,53.00,3482
1145025,25.80,53.00,3487
1150025,25.80,53.00,3497
1155025,25.80,53.00,3494
1160025,25.80,53.00,3497
1165025,25.80,53.00,3503
1170025,25.80,53.00,3493
1175025,25.80,53.00,3499
1180025,25.80,53.00,3504
1185025,25.80,53.00,3503
1190025,25.80,53.00,3500
1195025,25.80,53.00,3504
1200025,25.80,53.00,3497
1205025,25.80,53.00,3503
1210025,25.80,53.00,3493
1215025,25.80,53.00,3499
1220025,25.80,53.00,3491
1225025,25.80,53.00,3494
1230025,25.80,53.00,3531
1235025,25.80,53.00,3536
1240025,25.80,53.00,3520
1245025,25.80,53.00,3521
1250025,25.80,53.00,3521
1255025,25.80,53.00,3529
1260025,25.80,52.00,3522
1265025,25.80,52.00,3527
1270025,25.80,52.00,3511
1275025,25.80,52.00,3519
1280025,25.80,52.00,3520
1285025,25.80,52.00,3525
1290025,25.80,52.00,3520
1295025,25.80,52.00,3506
1300025,25.80,52.00,3519
1305025,25.80,52.00,3511
1310025,25.80,52.00,3516
1315025,25.80,52.00,3510
1320025,25.80,52.00,3505
1325025,25.80,52.00,3508
1330025,25.80,52.00,3509
1335025,25.80,52.00,3509
1340025,25.80,52.00,3517
1345025,25.80,52.00,3504
1350025,25.80,52.00,3510
1355025,25.80,52.00,3515
1360025,25.80,52.00,3527
1365025,25.80,52.00,3520
1370025,25.80,52.00,3520
1375025,25.80,52.00,3527
1380025,25.80,52.00,3527
1385025,25.80,52.00,3512
1390025,25.80,52.00,3515
1395025,25.80,52.00,3519
1400025,25.80,52.00,3518
1405025,25.80,52.00,3518
1410025,25.80,52.00,3520
1415025,25.80,52.00,3505
1420025,25.80,52.00,3488
1425025,25.80,52.00,3489
1430025,25.80,52.00,3489
1435025,25.80,52.00,3494
1440025,25.80,52.00,3501
1445025,25.80,52.00,3491
1450025,25.80,52.00,3500
1455025,25.80,52.00,3505
1460025,25.80,52.00,3504
1465025,25.80,52.00,3578
1470025,25.80,52.00,3501
1475025,25.80,52.00,3504
1480025,25.80,52.00,3494
1485025,25.80,52.00,3501
1490025,25.90,52.00,3495
1495025,25.90,52.00,3501
1500025,25.80,52.00,3504
1505025,25.90,52.00,3511
1510025,26.20,52.00,3513
1515025,26.20,52.00,3504
1520025,26.20,52.00,3504
1525025,26.20,52.00,3506
1530025,26.20,52.00,3503
1535025,26.20,52.00,3504
1540025,26.20,52.00,3504
1545025,26.20,52.00,3504
1550025,26.20,52.00,3505
1555025,26.20,52.00,3504
1560025,26.20,52.00,3509
1565025,26.20,52.00,3512
1570025,26.20,52.00,3514
1575025,26.20,52.00,3515
1580025,26.20,52.00,3514
1585025,26.20,52.00,3515
1590025,26.20,52.00,3513
1595025,26.20,52.00,3506
1600025,26.20,52.00,3514
1605025,26.20,52.00,3507
1610025,26.20,52.00,3515
1615025,26.20,52.00,3515
1620025,26.20,52.00,3510
1625025,26.20,52.00,3511
1630025,26.20,52.00,3506
1635025,26.20,52.00,3503
1640025,26.20,52.00,3494
1645025,26.20,52.00,3503
1650025,26.20,52.00,3501
1655025,26.20,52.00,3503
1660025,26.20,52.00,3504
1665025,26.20,52.00,3504
1670025,26.20,52.00,3507
1675025,26.20,52.00,3504
1680025,26.20,52.00,3507
1685025,26.20,52.00,3505
1690025,26.20,52.00,3511
1695025,26.20,52.00,3507
1700025,26.20,52.00,3602
1705025,26.20,52.00,3530
1710025,26.20,52.00,3525
1715025,26.20,52.00,3530
1720025,26.20,52.00,3527
1725025,26.20,52.00,3523
1730025,26.20,53.00,3524
1735025,26.20,53.00,3519
1740025,26.20,53.00,3520
1745025,26.20,52.00,3521
1750025,26.20,52.00,3519
1755025,26.20,52.00,3520
1760025,26.20,52.00,3519
1765025,26.20,52.00,3520
1770025,26.20,52.00,3537
1775025,26.20,52.00,3520
1780025,26.20,52.00,3513
1785025,26.20,52.00,3516
1790025,26.20,52.00,3521
1795025,26.20,52.00,3511
1800025,26.20,52.00,3507
1805000,26.20,52.00,3504
1810000,26.20,52.00,3522
1815000,26.10,52.00,3521
1820000,26.00,52.00,3521
1825000,26.00,52.00,3520
1830025,26.10,53.00,3520
1835025,26.00,52.00,3520
1840025,25.90,52.00,3502
1845025,25.80,52.00,3505
1850000,25.80,52.00,3507
1855000,25.80,52.00,3507
1860000,25.80,52.00,3509
1865000,25.80,52.00,3510
1870000,25.80,52.00,3511
1875000,25.90,52.00,3518
1880000,26.00,52.00,3514
1885025,26.10,52.00,3509
1890025,26.20,52.00,3506
1895025,26.20,52.00,3513
1900025,26.20,52.00,3519
1905000,26.20,52.00,3507
1910000,26.20,52.00,3504
1915000,26.20,52.00,3504
1920000,26.20,52.00,3506
1925000,26.20,52.00,3511
1930000,26.20,52.00,3562
1935000,26.20,52.00,3559
1940000,26.00,52.00,3562
1945000,26.00,52.00,3553
1950000,26.00,52.00,3557
1955000,26.00,52.00,3551
1960000,26.00,52.00,3552
1965000,26.20,52.00,3508
1970000,26.20,52.00,3517
1975000,26.20,52.00,3515
1980000,26.20,52.00,3507
1985000,26.00,52.00,3526
1990000,25.90,52.00,3522
1995000,25.80,52.00,3530
2000000,25.80,52.00,3520
2005000,25.80,52.00,3522
2010000,25.80,52.00,3515
2015000,25.90,52.00,3511
2020000,25.80,52.00,3513
2025000,25.80,52.00,3520
2030000,25.80,52.00,3516
2035000,25.80,52.00,3518
2040000,25.80,52.00,3519
2045000,25.80,52.00,3520
2050000,25.80,52.00,3507
2055000,25.90,52.00,3522
2060000,26.00,52.00,3521
2065000,26.10,52.00,3513
2070025,26.20,52.00,3511
2075025,26.20,52.00,3510
2080025,26.10,52.00,3515
2085025,26.20,52.00,3513
2090025,26.20,52.00,3523
2095025,26.20,52.00,3520
2100025,26.20,52.00,3527
2105025,26.20,52.00,3523
2110025,26.20,52.00,3514
2115025,26.20,52.00,3527
2120025,26.20,52.00,3525
2125025,26.10,52.00,3522
2130025,25.80,52.00,3522
2135025,25.80,52.00,3518
2140025,25.80,52.00,3519
2145025,25.80,52.00,3514
2150025,25.80,52.00,3508
2155025,25.80,52.00,3504
2160025,25.80,52.00,3506
2165025,25.80,52.00,3510
2170025,25.80,52.00,3515
2175025,25.80,52.00,3520
2180025,25.80,52.00,3507
2185025,25.80,52.00,3504
2190025,25.80,52.00,3505
2195025,25.80,52.00,3514
2200025,25.80,52.00,3509
2205025,25.80,52.00,3517
2210025,25.80,52.00,3520
2215025,25.80,52.00,3515
2220025,25.80,52.00,3519
2225025,25.80,52.00,3518
2230025,25.80,52.00,3527
2235025,25.80,52.00,3520
2240025,25.80,52.00,3529
2245025,25.80,52.00,3520
2250025,25.80,52.00,3527
2255025,25.80,52.00,3521
2260025,25.80,52.00,3523
2265025,25.80,52.00,3545
2270025,25.80,52.00,3543
2275025,25.80,52.00,3535
2280025,25.80,52.00,3536
2285025,25.80,52.00,3526
2290025,25.80,52.00,3520
2295025,25.80,52.00,3503
2300025,25.80,52.00,3504
2305025,25.80,52.00,3510
2310025,25.80,52.00,3504
2315025,25.80,52.00,3502
2320025,25.80,52.00,3565
2325025,25.80,52.00,3566
2330000,25.80,52.00,3572
2335000,25.80,52.00,3568
2340000,25.80,52.00,3571
2345025,25.80,52.00,3518
2350025,25.80,52.00,3583
2355000,25.80,52.00,3581
2360000,25.80,52.00,3577
2365000,25.80,52.00,3581
2370000,25.90,52.00,3574
2375000,26.10,52.00,3599
2380000,26.20,52.00,3549
2385025,26.20,52.00,3536
2390025,26.20,52.00,3539
2395025,26.20,52.00,3543
2400025,26.20,52.00,3535
2405000,26.20,52.00,3536
2410000,26.20,52.00,3543
2415000,26.20,52.00,3537
2420000,26.20,52.00,3536
2425000,26.20,52.00,3539
2430000,26.20,52.00,3537
2435000,26.20,52.00,3543
2440000,26.20,52.00,3583
2445000,26.20,52.00,3583
2450000,26.20,52.00,3599
2455000,26.20,52.00,3583
2460000,26.20,52.00,3582
2465000,26.20,52.00,3583
2470000,26.20,52.00,3598
2475000,26.20,52.00,3600
2480000,26.20,51.00,3549
2485000,26.20,51.00,3551
2490000,26.20,51.00,3484
2495000,26.20,51.00,3548
2500000,26.20,51.00,3558
2505000,26.20,51.00,3536
2510000,26.20,51.00,3542
2515000,26.20,51.00,3542
2520000,26.20,51.00,3552
2525000,26.20,51.00,3543
2530000,26.20,51.00,3543
2535025,26.20,51.00,3533
2540025,26.20,51.00,3533
2545025,26.20,51.00,3536
2550025,26.20,51.00,3516
2555025,26.20,51.00,3519
2560025,26.20,51.00,3533
2565025,26.20,51.00,3515
2570025,26.20,51.00,3551
5026,24.80,57.00,1226
10025,24.80,57.00,1205
15025,24.80,57.00,1207
20025,24.80,57.00,1285
25025,24.80,57.00,1315
30025,24.80,57.00,1392
35025,24.80,57.00,1191
40025,24.80,57.00,1408
45000,24.80,58.00,1395
50025,24.70,58.00,1328
55025,24.80,58.00,1302
60025,24.80,58.00,1296
65025,24.80,58.00,1299
70025,24.80,58.00,1314
75025,24.80,58.00,1347
80025,24.80,58.00,1342
85025,24.80,58.00,1338
90025,24.80,58.00,1331
95025,24.80,58.00,1328
100025,24.80,58.00,1366
105025,24.80,58.00,1375
110025,24.80,58.00,1269
115025,24.80,58.00,1305
120025,24.80,58.00,1322
125025,24.80,58.00,1729
130025,24.80,58.00,1399
135025,24.80,58.00,1729
140025,24.80,58.00,1714
145025,24.80,58.00,1715
150025,24.80,58.00,1723
155025,24.80,58.00,1382
160025,24.80,58.00,1377
165025,24.80,58.00,1361
170025,24.80,58.00,1353
175025,24.80,58.00,1373
180025,24.80,58.00,1393
185025,24.80,58.00,1394
190025,24.80,58.00,1443
195025,24.80,58.00,1447
200000,24.80,58.00,1362
205025,24.80,58.00,1353
210025,24.80,58.00,1412
215025,24.80,58.00,1375
220025,24.80,58.00,1395
225025,24.80,58.00,1406
230025,24.80,58.00,1397
235025,24.80,59.00,1391
240025,24.80,59.00,1387
245025,24.80,59.00,1386
250025,24.80,59.00,1367
255025,24.80,59.00,1358
260025,24.80,59.00,1359
265025,24.80,59.00,1366
270025,24.80,59.00,1392
275025,24.80,59.00,1409
280025,24.80,59.00,1398
285025,24.80,59.00,1399
290025,24.80,59.00,1361
295025,24.80,59.00,1673
300025,24.80,59.00,1666
305025,24.80,59.00,1673
310025,24.80,59.00,1667
315025,24.80,59.00,1661
320025,24.80,59.00,1655
325025,24.80,59.00,1639
330025,24.80,59.00,1643
335025,24.80,60.00,1654
340025,24.80,60.00,1654
345025,24.80,60.00,1665
350025,24.80,60.00,1657
355025,24.80,60.00,1365
360025,24.80,60.00,1390
365025,24.80,60.00,1346
370025,24.80,60.00,1348
375025,24.80,60.00,1354
380025,24.80,60.00,1347
385025,24.80,60.00,1185
390025,24.80,60.00,1306
395025,24.80,60.00,1282
5025,24.80,60.00,1359
10000,24.80,60.00,1372
15000,24.80,60.00,1364
20000,24.80,60.00,1357
25000,24.80,60.00,1349
30000,24.80,60.00,1341
35000,24.80,60.00,1310
40000,24.80,60.00,1296
45000,24.80,61.00,1312
50000,24.80,61.00,1312
55000,24.80,61.00,1417
5026,24.80,61.00,1401
10025,24.80,62.00,1399
15025,24.80,62.00,1446
20025,24.80,62.00,1437
25025,24.80,62.00,1427
30025,24.80,62.00,1424
35025,24.80,62.00,1407
40025,24.80,62.00,1421
45026,24.90,62.00,1430
50025,25.00,62.00,1454
55025,25.30,62.00,1462
60025,25.30,62.00,1449
65025,25.30,62.00,1446
70025,25.30,62.00,1440
75025,25.30,62.00,1456
80025,25.30,62.00,1443
85025,25.30,62.00,1424
90025,25.30,62.00,1430
95025,25.30,62.00,1443
100025,25.30,62.00,1470
105025,25.30,62.00,1475
110025,25.30,62.00,1472
115025,25.30,62.00,1466
120025,25.30,62.00,1456
125025,25.30,62.00,1453
130025,25.30,62.00,1435
135026,25.30,62.00,1427
140025,25.30,62.00,1437
145025,25.30,62.00,1454
150025,25.30,62.00,1470
155026,25.30,63.00,1477
160026,25.30,63.00,1478
165026,25.30,63.00,1472
170026,25.30,63.00,1463
175026,25.30,63.00,1456
180026,25.30,63.00,1443
185025,25.30,62.00,1435
190026,25.30,63.00,1428
195026,25.30,63.00,1444
200026,25.30,63.00,1470
205026,25.30,63.00,1479
210026,25.30,63.00,1483
215026,25.30,63.00,1472
220026,25.30,63.00,1465
225026,25.30,63.00,1456
230026,25.30,63.00,1442
235026,25.30,63.00,1431
240026,25.30,63.00,1439
245026,25.30,63.00,1500
250026,25.30,63.00,1472
255026,25.30,63.00,1488
260026,25.30,63.00,1477
265026,25.30,63.00,1474
270026,25.30,63.00,1467
275026,25.30,63.00,1457
280026,25.30,63.00,1424
285026,25.30,63.00,1426
290026,25.30,63.00,1439
295026,25.30,63.00,1454
300026,25.30,63.00,1477
305026,25.30,63.00,1485
310025,25.30,64.00,1478
315025,25.30,64.00,1472
320025,25.30,64.00,1472
325025,25.30,64.00,1456
330025,25.30,64.00,1447
335025,25.30,64.00,1427
340025,25.30,64.00,1429
345025,25.30,64.00,1515
350025,25.30,64.00,1531
355025,25.30,64.00,1535
360025,25.30,64.00,1535
365025,25.30,64.00,1527
370025,25.30,64.00,1520
375025,25.30,64.00,1520
380001,25.30,64.00,1456
385025,25.30,64.00,1427
390025,25.30,64.00,1430
395025,25.50,64.00,1455
400025,25.70,64.00,1472
405025,25.80,64.00,1482
410025,25.80,64.00,1481
415025,25.80,64.00,1472
420025,25.80,64.00,1464
425025,25.80,64.00,1454
430025,25.80,64.00,1433
435025,25.80,64.00,1426
440025,25.80,64.00,1435
445025,25.80,64.00,1456
450025,25.80,64.00,1475
455025,25.80,64.00,1477
460025,25.80,64.00,1474
465025,25.80,64.00,1475
470025,25.80,64.00,1461
475025,25.80,64.00,1456
480025,25.80,64.00,1434
485025,25.80,64.00,1423
490025,25.80,64.00,1520
495025,25.80,64.00,1533
500025,25.80,64.00,1535
505025,25.80,64.00,1553
510025,25.80,64.00,1563
515025,25.80,64.00,1535
520025,25.80,64.00,1535
525025,25.80,64.00,1532
530025,25.80,64.00,1522
535025,25.80,64.00,1518
540025,25.80,64.00,1520
545025,25.80,65.00,1533
550025,25.80,65.00,1471
555025,25.80,65.00,1520
560025,25.80,65.00,1519
565025,25.80,65.00,1519
570025,25.80,65.00,1508
575025,25.80,65.00,1518
580025,25.80,65.00,1531
585025,25.80,65.00,1605
590025,25.80,65.00,1535
595025,25.80,65.00,1606
600025,25.80,65.00,1835
605025,25.80,65.00,3057
610025,25.80,65.00,2752
615025,25.80,66.00,2301
620025,25.80,66.00,2490
625025,25.80,66.00,2307
630025,25.80,66.00,3137
635025,25.80,66.00,3150
640025,25.80,66.00,3143
645025,26.00,66.00,2913
650025,26.20,66.00,3026
655025,26.20,65.00,3022
660025,26.20,65.00,3015
665025,26.20,65.00,3008
670025,26.20,65.00,3050
675025,26.20,65.00,3082
680025,26.20,64.00,3088
685025,26.20,64.00,3058
690026,26.20,63.00,3046
695026,26.20,63.00,3056
700026,26.20,63.00,3024
705025,26.00,63.00,3044
710026,25.80,62.00,3021
715026,25.80,62.00,3024
720026,25.80,62.00,3021
725026,25.80,62.00,3021
730026,25.80,62.00,3021
735026,25.80,62.00,3025
740025,25.80,61.00,3026
745025,25.80,61.00,3027
750025,25.80,61.00,3023
755001,25.80,61.00,3025
760026,25.80,62.00,3003
765026,25.80,62.00,2983
770026,25.80,62.00,2976
775026,25.80,62.00,3005
780026,25.80,62.00,3051
785025,25.80,61.00,3098
790025,25.80,61.00,3091
795025,25.80,61.00,3056
800025,25.80,61.00,3045
805025,25.80,61.00,3085
810025,25.80,61.00,3065
815025,25.80,61.00,2819
820025,25.80,61.00,3407
825026,25.80,62.00,3501
830025,25.80,63.00,2455
835025,25.80,64.00,2939
840025,25.80,65.00,1571
845025,25.80,67.00,1056
850025,26.20,69.00,2602
855025,26.20,71.00,2943
860025,26.20,71.00,1989
865025,26.20,71.00,1939
870025,26.20,72.00,3218
875025,26.20,72.00,2898
880025,26.20,71.00,2795
885025,26.20,71.00,2646
890025,26.20,70.00,2641
895025,26.20,70.00,2639
900025,26.20,69.00,2613
905025,26.20,69.00,2608
910025,26.20,69.00,2607
915025,26.20,69.00,2626
920025,26.20,69.00,2641
925025,26.20,69.00,2613
930025,26.20,69.00,2624
935025,26.20,69.00,2638
940025,26.20,69.00,2608
945025,26.20,69.00,2634
950025,26.20,69.00,2629
955025,26.20,69.00,2608
960025,26.20,69.00,2640
965025,26.20,69.00,2624
970025,26.20,69.00,2610
975025,26.20,68.00,2640
980025,26.20,68.00,2622
985001,26.20,68.00,2637
990025,26.20,68.00,2691
995025,26.20,68.00,2624
1000025,26.20,68.00,2608
1005025,26.20,68.00,2559
1010025,26.20,68.00,2581
1015025,26.20,68.00,2580
1020025,25.80,68.00,2607
1025025,25.80,68.00,2611
1030025,25.80,68.00,2621
1035025,25.80,68.00,2614
1040025,25.80,68.00,2586
1045025,25.80,68.00,2559
1050025,25.80,69.00,2591
1055025,25.80,69.00,2626
1060025,25.80,69.00,2594
1065025,25.80,69.00,2624
1070025,25.80,69.00,2609
1075025,25.80,69.00,2559
1080025,25.80,69.00,2615
1085025,25.80,69.00,2595
1090025,25.80,69.00,2559
1095025,25.80,69.00,2559
1100025,25.80,69.00,2559
1105025,25.80,69.00,2583
1110025,25.80,69.00,2597
1115025,25.90,69.00,2605
1120025,26.20,69.00,2623
1125025,26.20,69.00,4095
1130025,26.20,69.00,4095
1135025,26.20,69.00,3148
1140025,26.20,68.00,2613
1145025,26.20,68.00,2629
1150025,26.20,67.00,2693
1155025,25.80,65.00,2761
1160025,25.80,64.00,2721
1165025,25.80,64.00,2705
1170026,25.30,63.00,2713
1175026,25.30,63.00,2344
1180026,25.30,63.00,2380
1185026,25.30,63.00,2739
1190025,24.80,64.00,2747
1195025,24.80,64.00,2732
1200025,24.80,64.00,2242
1205025,24.80,64.00,2218
1210025,24.80,65.00,2228
1215025,24.80,65.00,2229
1220025,24.80,66.00,2229
1225025,24.60,66.00,2234
1230025,24.50,67.00,2227
1235025,24.50,67.00,2224
1240025,24.50,68.00,2288
1245025,24.50,68.00,2306
1250025,24.50,68.00,2386
1255025,24.50,68.00,2315
1260025,24.50,69.00,2293
1265025,24.50,69.00,2427
1270025,24.50,69.00,2234
1275025,24.50,69.00,2237
1280025,24.50,69.00,2249
1285025,24.50,69.00,2247
1290025,24.50,69.00,2251
1295025,24.50,69.00,2249
1300025,24.50,69.00,2256
1305025,24.50,69.00,2471
1310025,24.50,69.00,2555
1315025,24.50,69.00,3056
1320025,24.50,69.00,3114
1325025,24.50,69.00,2214
1330025,24.50,70.00,2777
1335025,24.50,70.00,2147
1340025,24.50,71.00,2249
1345025,24.80,72.00,2512
1350025,24.80,72.00,2394
1355025,24.80,73.00,2608
1360025,24.80,73.00,2559
1365025,24.80,73.00,2534
1370025,24.80,74.00,2671
1375025,25.30,75.00,2619
1380025,25.30,76.00,2624
1385025,25.30,77.00,2643
1390025,25.30,77.00,2651
1395025,25.30,78.00,3461
1400026,25.30,79.00,2720
1405026,25.30,79.00,3621
1410026,25.30,79.00,2669
1415025,25.30,80.00,2689
1420025,25.80,80.00,2688
1425025,25.80,80.00,2688
1430025,25.80,80.00,2694
1435025,25.80,81.00,2687
1440025,25.80,81.00,2677
1445025,25.80,81.00,2717
1450025,25.80,81.00,2612
1455025,25.80,81.00,2624
1460025,25.80,81.00,2592
1465025,25.80,81.00,2517
1470025,25.80,81.00,2607
1475025,25.80,81.00,2647
1480025,25.80,81.00,2583
1485025,25.80,81.00,2581
1490025,25.80,81.00,2640
1495025,25.80,81.00,2655
1500025,25.90,81.00,2651
1505025,25.90,81.00,2645
1510025,26.00,80.00,2638
1515025,26.20,80.00,2694
1520025,26.20,80.00,2628
1525025,26.20,80.00,2631
1530025,26.20,80.00,2643
1535025,26.20,80.00,2611
1540025,26.20,80.00,2583
1545025,26.20,80.00,2583
1550025,26.20,80.00,2624
1555025,26.20,80.00,2663
1560025,26.20,80.00,2670
1565025,26.20,79.00,2672
1570025,26.20,79.00,2647
1575025,26.20,79.00,2641
1580025,26.20,79.00,2609
1585025,26.20,79.00,2593
1590025,26.20,78.00,2587
1595025,26.20,78.00,2643
1600025,26.20,78.00,2685
1605025,26.20,77.00,2546
1610025,26.20,77.00,2419
1615025,26.20,78.00,2366
1620025,26.20,78.00,2713
1625025,26.20,77.00,2657
1630025,26.20,77.00,2714
1635025,26.20,77.00,2271
1640025,26.20,77.00,2790
1645025,26.20,77.00,3267
1650025,26.20,75.00,3031
1655025,26.20,73.00,2668
1660025,25.80,72.00,2701
1665025,25.80,70.00,2725
1670025,25.30,69.00,2614
1675025,25.30,69.00,2559
1680025,25.30,69.00,3423
1685025,25.30,68.00,2543
1690025,24.80,68.00,2780
1695025,24.80,67.00,2634
1700025,24.80,67.00,2512
1705025,24.80,67.00,2513
1710025,24.50,66.00,2543
1715025,24.50,66.00,2533
1720025,24.50,66.00,2512
1725025,24.50,67.00,2510
1730025,24.50,67.00,2502
1735025,24.20,67.00,2544
1740025,24.10,68.00,2519
1745025,24.10,68.00,2470
1750025,24.10,68.00,2466
1755025,24.10,68.00,2510
1760025,24.10,69.00,2462
1765025,24.10,69.00,2448
1770025,24.10,69.00,2502
1775025,24.10,69.00,2489
1780025,24.10,69.00,2453
1785025,24.10,69.00,2448
1790025,24.10,69.00,2509
1795025,24.10,69.00,2478
1800025,24.10,69.00,2442
1805025,24.10,69.00,2455
1810025,24.10,69.00,2499
1815025,24.10,69.00,2501
1820025,23.90,69.00,2480
1825025,24.00,69.00,2446
1830025,23.90,69.00,2447
1835025,23.80,69.00,2602
1840025,23.80,69.00,2180
1845025,23.80,69.00,2672
1850025,23.80,69.00,2405
1855025,23.80,70.00,2231
1860025,23.80,71.00,2339
1865025,24.10,73.00,2250
1870025,24.10,73.00,2205
1875025,24.10,73.00,2513
1880025,24.10,75.00,1865
1885025,24.40,75.00,2452
1890025,24.50,75.00,2369
1895025,24.50,76.00,2559
1900025,24.50,75.00,2451
1905025,24.50,75.00,1494
1910025,24.80,74.00,1824
1915025,24.80,73.00,1678
1920025,24.80,73.00,1687
1925025,24.80,73.00,1677
1930025,24.80,73.00,1680
1935025,24.80,73.00,1685
1940025,24.80,73.00,1685
1945025,24.80,73.00,1686
1950025,24.80,72.00,1691
1955025,24.80,72.00,1693
1960025,24.80,72.00,1680
1965025,24.80,72.00,1675
1970025,24.80,72.00,1677
1975025,24.90,72.00,1675
1980025,25.00,72.00,1671
1985025,25.30,72.00,1676
1990025,25.30,72.00,1679
1995025,25.30,72.00,1680
2000025,25.30,72.00,1680
2005025,25.30,71.00,1679
2010025,25.30,71.00,1680
2015025,25.30,71.00,1678
2020025,25.30,71.00,1680
2025025,25.30,71.00,1679
2030025,25.30,71.00,1678
2035025,25.30,71.00,1663
2040025,25.30,71.00,1626
2045025,25.30,71.00,1553
2050025,25.30,71.00,1511
2055025,25.30,71.00,1514
2060025,25.30,71.00,1478
2065025,25.30,71.00,1455
2070025,25.30,71.00,1424
2075025,25.30,71.00,1395
2080025,25.30,71.00,1379
2085025,25.30,71.00,1369
2090025,25.30,71.00,1360
2095025,25.30,71.00,1355
2100025,25.30,71.00,1680
2105025,25.30,71.00,1289
2110025,25.30,71.00,1276
2115025,25.30,71.00,1264
2120025,25.30,71.00,1266
2125025,25.30,71.00,1262
2130025,25.30,70.00,1257
2135025,25.30,70.00,1264
2140025,25.30,70.00,1274
2145025,25.30,70.00,1270
2150025,25.30,70.00,1274
2155025,25.30,70.00,1274
2160025,25.30,70.00,1280
2165025,25.30,70.00,1279
2170025,25.30,70.00,1285
2175025,25.30,70.00,1291
2180025,25.30,70.00,1297
2185025,25.30,70.00,1296
2190025,25.30,70.00,1297
2195025,25.30,70.00,1296
2200025,25.50,70.00,1300
2205025,25.80,70.00,1296
2210025,25.80,70.00,1306
2215025,25.80,70.00,1303
2220025,25.80,70.00,1310
2225025,25.80,70.00,1307
2230025,25.80,70.00,1309
2235025,25.80,70.00,1312
2240025,25.80,70.00,1306
2245025,25.80,70.00,1315
2250025,25.80,70.00,1324
2255025,25.80,70.00,1323
2260025,25.80,70.00,1311
2265025,25.80,70.00,1329
2270025,25.80,70.00,1337
2275025,25.80,70.00,1328
2280025,25.80,70.00,1339
2285025,25.80,70.00,1314
2290025,25.80,70.00,1323
2295025,25.80,70.00,1362
2300025,25.80,70.00,1365
2305025,25.80,70.00,1360
2310025,25.80,70.00,1362
2315025,25.80,70.00,1360
2320025,25.80,70.00,1376
2325025,25.80,70.00,1395
2330025,25.80,70.00,1386
2335025,25.80,70.00,1382
2340025,25.80,70.00,1386
2345025,25.80,69.00,1375
2350025,25.80,69.00,1379
2355025,25.80,69.00,1385
2360025,25.80,69.00,1360
2365025,25.80,69.00,1358
2370025,25.80,69.00,1392
2375025,25.80,69.00,1415
2380025,25.80,69.00,1678
2385025,25.80,69.00,1328
2390025,25.80,69.00,1319
2395025,25.80,69.00,1323
2400025,25.80,69.00,1360
2405025,25.80,69.00,1360
2410025,25.80,69.00,1347
2415025,25.80,69.00,1347
2420025,25.80,69.00,1360
2425025,25.80,69.00,1360
2430025,25.80,69.00,1357
2435025,25.80,69.00,1350
2440025,25.80,69.00,1345
2445025,25.80,69.00,1347
2450025,25.80,69.00,1342
2455025,25.80,69.00,1330
2460025,25.80,69.00,1328
2465025,25.80,69.00,1325
2470025,25.80,69.00,1319
2475025,25.80,69.00,1328
2480025,25.80,69.00,1328
2485025,25.80,69.00,1328
2490025,25.80,69.00,1286
2495025,25.80,69.00,1296
2500025,25.80,69.00,1291
2505025,25.80,69.00,1305
2510025,25.80,69.00,1301
2515025,25.80,69.00,1296
2520025,25.80,69.00,1280
2525025,25.80,69.00,1283
2530025,25.80,69.00,1280
2535025,25.80,69.00,1299
2540025,25.80,69.00,1281
2545025,25.80,69.00,1296
2550025,25.80,69.00,1305
2555025,25.80,69.00,1297
2560025,25.80,69.00,1306
2565025,25.80,69.00,1307
2570025,25.80,69.00,1313
2575025,25.80,69.00,1311
2580025,25.80,69.00,1315
2585025,25.80,69.00,1294
2590025,26.00,69.00,1335
2595025,26.20,69.00,1328
2600025,26.20,69.00,1328
2605025,26.20,69.00,1333
2610025,26.20,69.00,1332
2615025,26.20,69.00,1338
2620025,26.20,69.00,1342
2625025,26.20,69.00,1333
2630025,26.20,69.00,1332
2635025,26.20,69.00,1331
2640025,26.20,69.00,1331
2645025,26.20,69.00,1330
2650025,26.20,69.00,1341
2655025,26.20,69.00,1355
2660025,26.20,69.00,1326
2665025,26.20,69.00,1347
2670025,26.20,69.00,1367
2675025,26.20,69.00,1379
2680025,26.20,69.00,1366
2685025,26.20,69.00,1363
2690025,26.20,69.00,1359
2695025,26.20,69.00,1345
2700025,26.20,69.00,1346
2705025,26.20,69.00,1344
2710025,26.20,69.00,1345
2715025,26.20,69.00,1344
2720025,26.20,69.00,1589
2725025,26.20,69.00,1595
2730025,26.20,69.00,1598
2735025,26.20,69.00,1593
2740025,26.20,69.00,1596
2745025,26.20,69.00,1591
2750025,26.20,69.00,1589
2755025,26.20,69.00,1594
2760025,26.20,69.00,1599
2765025,26.20,69.00,1595
2770025,26.20,69.00,1601
2775025,26.20,69.00,1599
2780025,26.20,69.00,1600
2785025,26.20,69.00,1600
2790025,26.20,69.00,1599
2795025,26.20,69.00,1600
2800025,26.20,69.00,1604
2805025,26.20,69.00,1600
2810025,26.20,69.00,1599
2815025,26.20,69.00,1594
2820025,26.20,69.00,1599
2825025,26.20,69.00,1599
2830025,26.20,69.00,1590
2835025,26.20,69.00,1596
2840025,26.20,69.00,1535
2845025,26.20,69.00,1600
2850025,26.20,69.00,1597
2855025,26.20,69.00,1600
2860025,26.20,69.00,1597
2865025,26.20,69.00,1600
2870025,26.20,69.00,1600
2875025,26.20,69.00,1603
2880025,26.20,69.00,1602
2885025,26.20,69.00,1600
2890025,26.20,69.00,1600
2895024,26.20,69.00,1600
2900025,26.20,69.00,1604
2905025,26.20,69.00,1597
2910025,26.20,69.00,1600
2915025,26.20,69.00,1390
2920025,26.20,69.00,1394
2925025,26.20,69.00,1413
2930025,26.20,69.00,1412
2935025,26.20,69.00,1409
2940025,26.20,69.00,1394
2945025,26.20,69.00,1387
2950025,26.20,69.00,1408
2955025,26.20,69.00,1423
2960025,26.20,69.00,1410
2965025,26.20,69.00,1399
2970025,26.20,69.00,1391
2975025,26.20,69.00,1391
2980025,26.20,69.00,1414
2985025,26.20,69.00,1417
2990025,26.20,69.00,1411
2995025,26.20,69.00,1392
3000025,26.20,69.00,1393
3005025,26.20,69.00,1405
3010025,26.20,69.00,1421
3015025,26.20,69.00,1407
3020025,26.20,69.00,1407
3025025,26.20,69.00,1386
3030025,26.20,69.00,1392
3035025,26.20,69.00,1413
3040025,26.20,69.00,1414
3045025,26.20,69.00,1411
3050025,26.20,69.00,1395
3055025,26.20,69.00,1389
3060025,26.20,69.00,1406
3065025,26.20,69.00,1419
3070025,26.20,69.00,1414
3075025,26.20,69.00,1401
3080025,26.20,69.00,1386
3085025,26.20,69.00,1394
3090025,26.20,69.00,1423
3095025,26.20,69.00,1422
3100025,26.20,69.00,1408
3105025,26.20,69.00,1394
3110025,26.20,69.00,1389
3115025,26.20,69.00,1409
3120025,26.20,69.00,1419
3125025,26.20,69.00,1413
3130025,26.20,69.00,1408
3135025,26.20,69.00,1392
3140025,26.20,69.00,1402
3145025,26.20,69.00,1423
3150025,26.20,69.00,1418
3155025,26.20,69.00,1411
3160025,26.20,69.00,1393
3165025,26.20,69.00,1385
3170025,26.20,69.00,1407
3175025,26.20,69.00,1420
3180025,26.20,69.00,1419
3185025,26.20,69.00,1406
3190025,26.20,69.00,1389
3195025,26.20,69.00,1402
3200025,26.20,69.00,1413
3205025,26.20,69.00,1413
3210025,26.20,69.00,1412
3215025,26.20,69.00,1393
3220025,26.20,69.00,1385
3225025,26.20,69.00,1413
3230025,26.20,69.00,1418
3235025,26.20,69.00,1407
3240025,26.20,69.00,1406
3245025,26.20,69.00,1392
3250025,26.20,69.00,1401
3255025,26.20,69.00,1423
3260025,26.20,69.00,1421
3265025,26.20,69.00,1413
3270025,26.20,69.00,1390
3275025,26.20,69.00,1391
3280025,26.20,69.00,1414
3285025,26.20,69.00,1424
3290025,26.20,69.00,1412
3295025,26.20,69.00,1400
3300025,26.20,69.00,1390
3305025,26.20,69.00,1398
3310025,26.20,69.00,1424
3315025,26.20,69.00,1419
3320025,26.20,69.00,1408
3325025,26.20,69.00,1392
3330025,26.20,69.00,1392
3335025,26.20,69.00,1411
3340025,26.20,69.00,1424
3345025,26.20,69.00,1409
3350025,26.20,69.00,1402
3355025,26.20,69.00,1393
3360025,26.20,69.00,1408
3365025,26.20,69.00,1424
3370025,26.20,69.00,1415
3375025,26.20,69.00,1415
3380025,26.20,69.00,1390
3385025,26.20,69.00,1392
3390025,26.20,69.00,1410
3395025,26.20,69.00,1423
3400025,26.20,69.00,1413
3405025,26.20,69.00,1399
3410025,26.20,69.00,1392
3415025,26.20,69.00,1404
3420025,26.20,69.00,1422
3425025,26.20,69.00,1415
3430025,26.20,69.00,1403
3435025,26.20,69.00,1397
3440025,26.20,69.00,1392
3445025,26.20,69.00,1412
3450025,26.20,69.00,1420
3455025,26.20,69.00,1412
3460025,26.20,69.00,1407
3465025,26.20,69.00,1386
3470025,26.20,69.00,1402
3475025,26.20,69.00,1428
3480025,26.20,69.00,1422
3485025,26.20,69.00,1411
3490025,26.20,69.00,1402
3495025,26.20,69.00,1401
3500025,26.20,69.00,1425
3505025,26.20,69.00,1424
3510025,26.20,69.00,1415
3515025,26.20,69.00,1399
3520025,26.20,69.00,1397
3525025,26.20,69.00,1406
3530025,26.20,69.00,1424
3535025,26.20,69.00,1420
3540025,26.20,69.00,1409
3545025,26.20,69.00,1392
3550025,26.20,69.00,1398
3555025,26.20,69.00,1424
3560025,26.20,69.00,1422
3565025,26.20,69.00,1415
3570025,26.20,69.00,1408
3575025,26.20,69.00,1390
3580025,26.20,69.00,1409
3585025,26.20,69.00,1422
3590025,26.20,69.00,1412
3595025,26.20,69.00,1429
3600025,26.20,69.00,1423
3605025,26.20,69.00,1424
3610025,26.20,69.00,1449
3615025,26.20,69.00,1449
3620025,26.20,69.00,1447
3625025,26.20,69.00,1429
3630025,26.20,69.00,1424
3635025,26.20,69.00,1445
3640025,26.20,69.00,1449
3645025,26.20,69.00,1447
3650025,26.20,69.00,1438
3655025,26.20,69.00,1418
3660025,26.20,69.00,1426
3665025,26.20,69.00,1447
3670025,26.20,69.00,1447
3675025,26.20,69.00,1445
3680025,26.20,69.00,1431
3685025,26.20,69.00,1422
3690025,26.20,69.00,1439
3695025,26.20,69.00,1458
3700025,26.20,69.00,1445
3705025,26.20,69.00,1442
3710025,26.20,69.00,1424
3715025,26.20,69.00,1429
3720025,26.20,69.00,1456
3725025,26.20,69.00,1449
3730025,26.20,69.00,1456
5026,25.30,58.00,3714
5026,29.30,73.00,3504
5026,26.70,81.00,3903
5026,25.30,65.00,3779
10025,25.30,65.00,3770
15025,25.30,65.00,3776
20000,25.30,65.00,3785
25025,25.30,65.00,3775
30025,25.30,65.00,3803
35025,25.30,65.00,3802
40025,25.30,65.00,3806
45025,25.30,65.00,3804
50025,25.30,65.00,3813
55025,25.30,65.00,3805
60025,25.30,65.00,3807
65025,25.30,64.00,3815
70025,25.30,64.00,3802
75025,25.30,64.00,3824
80025,25.30,64.00,3798
85025,25.30,64.00,3793
90025,25.30,64.00,3804
95025,25.30,64.00,3807
100025,25.30,64.00,3795
105025,25.30,64.00,3523
110025,25.30,64.00,3197
115025,25.30,64.00,3193
120025,25.30,64.00,3191
125025,25.30,64.00,3203
130025,25.30,64.00,3200
135025,25.30,64.00,3228
140025,25.30,64.00,3235
145025,25.30,64.00,3230
150025,25.30,64.00,3230
155025,25.30,64.00,3234
160025,25.30,64.00,3232
165025,25.30,64.00,3226
170025,25.30,64.00,3230
175025,25.30,64.00,3226
180025,25.30,64.00,3219
185025,25.30,64.00,3241
190025,25.30,64.00,3237
195025,25.30,64.00,3234
200025,25.30,64.00,3233
205025,25.30,64.00,3234
210025,25.30,64.00,3213
215025,25.30,64.00,3209
220025,25.30,64.00,3210
225025,25.30,64.00,3209
230025,25.30,64.00,3204
235025,25.30,64.00,3205
240025,25.30,64.00,3202
245025,25.30,64.00,3213
250025,25.30,64.00,3211
255025,25.30,64.00,3215
260025,25.30,64.00,3213
265025,25.80,64.00,3217
270025,25.80,63.00,3216
275025,25.80,63.00,3216
280025,25.80,63.00,3207
285025,25.80,63.00,3200
290000,25.80,63.00,3205
295025,25.80,63.00,3206
300025,25.80,63.00,3213
305025,25.80,63.00,3210
310025,25.80,63.00,3211
315025,25.80,63.00,3158
320025,25.80,63.00,3213
325025,25.80,63.00,3203
330025,25.80,63.00,3198
335025,25.80,63.00,3198
340025,25.80,63.00,3195
345025,25.80,63.00,3201
350025,25.80,63.00,3200
355026,25.80,62.00,3201
360026,25.80,62.00,3200
365026,25.80,62.00,3207
370026,25.80,62.00,3203
375026,25.80,62.00,3204
380026,25.80,62.00,3210
385026,25.80,62.00,3211
